USE VaccinationManagement

INSERT INTO Menus (Id, Name, Path, Icon, ParentID, [Status])
VALUES 
('M0001', 'Dashboard', '/', 'Home', null, 1),
('M0002', 'Vaccination schedule', null, 'Calendar', null, 1),
('M0003', 'Schedule list', '/schedule', 'List', 'M0002', 1),
('M0004', 'Schedule create', '/schedule/create', 'PlusSquare', 'M0002', 1),
('M0005', 'Vaccine type', null, 'Package', null, 1),
('M0006', 'Vaccine type list', '/vaccineType', 'List', 'M0005', 1),
('M0007', 'Vaccine type create', '/addVaccineType', 'PlusSquare', 'M0005', 1),
('M0008', 'Vaccine', null, 'ClipboardList', null, 1),
('M0009', 'Vaccine list', '/vaccine', 'List', 'M0008', 1),
('M0010', 'Vaccine create', '/vaccine/add', 'PlusSquare', 'M0008', 1),
('M0011', 'Distribute Vaccine', '/vaccine/distribute', 'Send', 'M0008', 1),
('M0012', 'Vaccination result', null, 'Edit', null, 1),
('M0013', 'Vaccination result list', '/vaccinationResult', 'List', 'M0012', 1),
('M0014', 'Vaccination result create', '/vaccinationResult/create', 'PlusSquare', 'M0012', 1),
('M0015', 'Employee', null, 'Users', null, 1),
('M0016', 'Employee list', '/employee', 'List', 'M0015', 1),
('M0017', 'Employee create', '/new-employee', 'PlusSquare', 'M0015', 1),
('M0018', 'News', null, 'Newspaper', null, 1),
('M0019', 'News list', '/news', 'List', 'M0018', 1),
('M0020', 'News create', '/news/create', 'PlusSquare', 'M0018', 1),
('M0021', 'Report', null, 'BarChart', null, 1),
('M0022', 'Injections Report', '/report', 'FileText', 'M0021', 1),
('M0023', 'Customers Report', '/report/customerReport', 'Users', 'M0021', 1),
('M0024', 'Vaccines Report', '/report/vaccineReport', 'Package', 'M0021', 1),
('M0025', 'Customer', null, 'User', null, 1),
('M0026', 'Customer list', '/customer', 'List', 'M0025', 1),
('M0027', 'Customer create', '/customer/create', 'PlusSquare', 'M0025', 1),
('M0028', 'Menu', '/menu', 'Menu', null, 1);

INSERT INTO Roles(Role_Name)
VALUES
('Customer'),
('Employee'),
('Admin')

INSERT INTO MenuRoleAuthorizations(MenuId, RoleId)
VALUES
('M0028', '3'),
('M0001', '2'),
('M0001', '3'),
('M0002', '3'),
('M0003', '3'),
('M0004', '3'),
('M0005', '3'),
('M0006', '3'),
('M0007', '3'),
('M0008', '3'),
('M0009', '3'),
('M0010', '3'),
('M0011', '3'),
('M0012', '3'),
('M0013', '3'),
('M0014', '3'),
('M0015', '3'),
('M0016', '3'),
('M0017', '3'),
('M0018', '3'),
('M0019', '3'),
('M0020', '3'),
('M0021', '3'),
('M0022', '3'),
('M0023', '3'),
('M0024', '3'),
('M0025', '3'),
('M0026', '3'),
('M0027', '3'),
('M0002', '2'),
('M0003', '2'),
('M0005', '2'),
('M0006', '2'),
('M0008', '2'),
('M0009', '2'),
('M0012', '2'),
('M0013', '2'),
('M0015', '2'),
('M0016', '2'),
('M0018', '2'),
('M0019', '2'),
('M0021', '2'),
('M0022', '2'),
('M0023', '2'),
('M0024', '2'),
('M0025', '2'),
('M0026', '2');

INSERT INTO EmployeePositions(Id, Position_Name, [Status])
VALUES('PO000001', 'Doctor', 1),
('PO000002', 'Nurse', 1),
('PO000003', 'Nursing', 1),
('PO000004', 'Babysitter', 0)

-- Insertions for the Place table
INSERT INTO Places (Id, [Name], [Status], [Address])
VALUES 
('PL000001', N'City Clinic', 1, N'Số 1 Nguyễn Trãi, Quận 1, TP.HCM'),
('PL000002', N'Downtown Health Center', 1, N'Số 12 Lý Tự Trọng, Quận Hoàn Kiếm, Hà Nội'),
('PL000003', N'University Health Service', 1, N'Số 5 Đại Cồ Việt, Quận Hai Bà Trưng, Hà Nội'),
('PL000004', N'Central Park Clinic', 1, N'Số 3 Lê Duẩn, Quận 1, TP.HCM'),
('PL000005', N'Eastside Hospital', 1, N'Số 10 Lê Lợi, TP. Huế, Thừa Thiên Huế'),
('PL000006', N'West End Clinic', 1, N'Số 8 Phạm Ngũ Lão, TP. Đà Nẵng'),
('PL000007', N'Airport Health Center', 1, N'Số 7 Trường Sơn, Quận Tân Bình, TP.HCM'),
('PL000008', N'Southside School', 1, N'Số 15 Nguyễn Văn Linh, Quận 7, TP.HCM'),
('PL000009', N'Tech Park Medical Center', 1, N'Số 22 Võ Văn Kiệt, TP. Thủ Đức, TP.HCM'),
('PL000010', N'Community Health Hub', 1, N'Số 6 Tôn Đức Thắng, TP. Nha Trang, Khánh Hòa');


-- Insertions for the Vaccine_Type table
INSERT INTO Vaccine_Types (Id, Description, Vaccine_Type_Name, Status)
VALUES 
('VT000001', 'Vaccine for seasonal flu, effective against 2 strains of flu A and 2 strains of flu B.', 'GCFlu Quadrivalent (South Korea)', 1),
('VT000002', 'Pneumococcal vaccine that prevents diseases caused by Streptococcus pneumoniae, such as pneumonia, meningitis, and sepsis.', 'Pneumovax 23 (USA)', 1),
('VT000003', 'A vaccine designed to prevent pneumonia caused by Streptococcus pneumoniae, available in various formulations like PCV13 and PCV10.', 'Pneumococcal Vaccine (Various)', 1),
('VT000004', 'Inactivated influenza vaccine that targets seasonal flu strains for adults and children.', 'Influvac Tetra (Netherlands)', 1),
('VT000005', 'Influenza vaccine designed for the prevention of seasonal flu, particularly for children and adults.', 'Vaxigrip Tetra (France)', 1),
('VT000006', 'Vaccine for prevention of the flu, containing 2 strains of type A flu and 2 strains of type B flu.', 'Ivacflu-S (Vietnam)', 1),
('VT000007', 'A vaccine used for preventing influenza caused by seasonal flu viruses.', 'Flu Quad Vaccine (General)', 1),
('VT000008', 'Vaccine targeting human papillomavirus (HPV) to prevent infections that can lead to cervical and other cancers.', 'HPV Vaccine (Various)', 1),
('VT000009', 'Vaccine for the prevention of whooping cough, tetanus, and diphtheria.', 'DTP Vaccine (Various)', 1),
('VT000010', 'Combination vaccine against various infectious diseases like polio, hepatitis, and diphtheria.', 'Combination Vaccines (Various)', 1);

-- Sample Insertions for the Vaccine table
INSERT [dbo].[Vaccines] ([Id], [Contraindication], [Indication], [Number_Of_Injection], [Origin], [Time_Begin_Next_Injection], [Time_End_Next_Injection], [Usage], [Vaccine_Name], [Purchase_Price], [Selling_Price], [Image], [Description], [Required_Injections], [Time_Between_Injections], [Status], [Vaccine_Type_Id]) VALUES (N'VC000001', N'Không', N'Người lớn và trẻ em trên 12 tuổi', 20, N'Mỹ', CAST(N'2024-01-01' AS Date), CAST(N'2026-01-15' AS Date), N'Tiêm bắp', N'Pfizer-BioNTech', 130000, 200000, N'/Uploads/Vaccine/6a9f8300-d85a-432f-8227-eaac2e8de073.png', N'Vắc-xin Pfizer-BioNTech COVID-19 được chỉ định cho trẻ em từ 5 đến 11 tuổi (dạng lọ đơn liều 10mcg / 0.3mL) và trẻ từ 6 tháng đến 4 tuổi (dạng lọ nhiều liều 3mcg / 0.3mL, mỗi lọ 3 liều). Vắc xin GCFlu Quadrivalent là vắc xin có độ an toàn cao. Tuy nhiên, sau khi tiêm vắc xin phòng bệnh cúm, người tiêm hay gặp những phản ứng nhẹ, không kéo dài và không cần điều trị đặc biệt. Đó là sự đáp ứng miễn dịch của cơ thể. Cụ thể như sau:Tại chỗ tiêm: đau, đỏ, sưng.Toàn thân: sốt,mệt mỏi, đau đầu
Sau khi điều trị xong bệnh Covid-19, sức khỏe hoàn toàn ổn định (không còn các triệu chứng nghi ngờ mắc bệnh Covid-19) vẫn có thể tiêm các vắc xin khác được (trừ vắc xin Covid-19 cần chờ sau 6 tháng). Tùy vào sức khỏe khách hàng mà bác sĩ khám sàng lọc và chỉ định phù hợp.Các khuyến cáo gần đây khẳng định, người dị ứng với trứng vẫn có thể tiêm ngừa cúm. Vì vậy trong thực hành tiêm chủng, bác sĩ không nhất thiết phải yêu cầu người đi tiêm vắc xin cúm cần ăn thử trứng để thử dị ứng trước khi tiêm.
Tuy nhiên, bên cạnh việc khám sàng lọc và tư vấn của bác sĩ, người đi tiêm vắc xin nên thông báo cho bác sĩ các thông tin lịch sử dị ứng của bản thân bao gồm dị ứng thức ăn, vắc xin, hóa chất, phản ứng nặng sau tiêm lần trước (nếu có)… Do vậy, khách hàng hoàn toàn yên tâm đưa con đến VNVC để tiêm chủng theo đúng lịch. ', 3, 45, 1, N'VT000001')
INSERT [dbo].[Vaccines] ([Id], [Contraindication], [Indication], [Number_Of_Injection], [Origin], [Time_Begin_Next_Injection], [Time_End_Next_Injection], [Usage], [Vaccine_Name], [Purchase_Price], [Selling_Price], [Image], [Description], [Required_Injections], [Time_Between_Injections], [Status], [Vaccine_Type_Id]) VALUES (N'VC000002', N'Dị ứng với trứng gà', N'Trẻ em từ 6-12 tháng tuổi', 100, N'Pháp', CAST(N'2025-02-10' AS Date), CAST(N'2026-02-20' AS Date), N'Vắc-xin uống', N'Sanofi-Pasteur', 140000, 200000, N'/Uploads/Vaccine/bd1faa4f-9dd8-4181-833c-e60073682cdb.png', N'Vắc-xin uống Sanofi-Pasteur cung cấp khả năng bảo vệ chống bại liệt. Chống chỉ định:
Người quá mẫn với thành phần của vắc xin.
Bệnh lý não (ví dụ hôn mê, giảm tri giác, co giật kéo dài) xảy ra trong vòng 7 ngày sau khi tiêm một liều vắc xin bất kỳ có chứa thành phần ho gà mà không xác định được nguyên nhân nào khác.
Thận trọng khi sử dụng:
Hoãn việc sử dụng vắc xin khi có sốt cao hoặc các bệnh cấp tính.
Không nên tiêm bắp cho những người bị các rối loạn chảy máu, như bệnh máu khó đông hoặc giảm tiểu cầu.
Tác dụng không mong muốn:
Đau tại nơi tiêm là phản ứng tại chỗ hay gặp nhất, mệt mỏi ở trẻ em và nhức đầu ở thiếu niên và người lớn, sốt được báo cáo ở dưới 10% số người được tiêm vắc xin.
Phản ứng dị ứng quá mẫn, ngứa, mày đay (hiếm khi xảy ra). 
Tương tác thuốc:
Khi tiêm Adacel cùng với các vắc xin khác cùng buổi tiêm chủng thì phải dùng những bơm tiêm riêng và tiêm ở những vị trí khác nhau và tốt nhất là nên tiêm ở các chi khác nhau.', 2, 30, 1, N'VT000002')
INSERT [dbo].[Vaccines] ([Id], [Contraindication], [Indication], [Number_Of_Injection], [Origin], [Time_Begin_Next_Injection], [Time_End_Next_Injection], [Usage], [Vaccine_Name], [Purchase_Price], [Selling_Price], [Image], [Description], [Required_Injections], [Time_Between_Injections], [Status], [Vaccine_Type_Id]) VALUES (N'VC000003', N'Phụ nữ mang thai', N'Người lớn trên 60 tuổi', 300, N'Đức', CAST(N'2024-03-05' AS Date), CAST(N'2025-03-20' AS Date), N'Tiêm dưới da', N'Moderna', 130000, 215000, N'/Uploads/Vaccine/7ebf4c68-49fc-4104-bdf8-e52bc4b07a1f.png', N'Moderna là vắc-xin COVID-19 hiệu quả cao cho người cao tuổi. Chống chỉ định:
Không được tiêm trong da ở những trường hợp sau: đang điều trị dài ngày bằng các thuốc ức chế miễn dịch (bao gồm cả corticoid), và thuốc Chloroquin; người bị khiếm khuyết miễn dịch; trẻ em hoặc người có vết cắn nặng phần đầu, cổ, hay đến khám trễ sau khi bị vết thương.
Thận trọng khi sử dụng:
Người dị ứng với neomycin. Không tiêm cùng vị trí hay chung bơm tiêm vắc xin và immunoglobulin.
Không được tiêm vắc xin vào trong lòng mạch.
Phụ nữ có thai: hiện chưa có các bằng chứng Verorab gây ảnh hưởng đến thai nhi. Chính vì thế, nếu thai phụ bị chó dại cắn, cần đến ngay các cơ sở y tế để được khám, tư vấn và tiêm vắc xin phòng dại kịp thời. Đây là sự lựa chọn duy nhất để phòng bệnh dại phát cơn và gây nguy hiểm đến tính mạng mẹ bầu.
Phụ nữ cho con bú: bệnh dại là bệnh chết người vì vậy không có hạn chế nào trên phụ nữ cho con bú.
Sử dụng ở trẻ em: bệnh dại là bệnh chết người, không có giới hạn tuổi tác và được sử dụng cho trẻ em ở mọi lứa tuổi
Tác dụng không mong muốn:
Phản ứng tại chỗ tiêm: sưng, đau, đỏ da.
Phản ứng toàn thân: mệt mỏi, đau đầu, có thể sốt, run rẩy, ngất. Có thể đau nhức xương khớp, đau cơ. Rối loạn dạ dày, ruột.
Hiếm gặp sốc phản vệ.', 4, 60, 1, N'VT000003')
INSERT [dbo].[Vaccines] ([Id], [Contraindication], [Indication], [Number_Of_Injection], [Origin], [Time_Begin_Next_Injection], [Time_End_Next_Injection], [Usage], [Vaccine_Name], [Purchase_Price], [Selling_Price], [Image], [Description], [Required_Injections], [Time_Between_Injections], [Status], [Vaccine_Type_Id]) VALUES (N'VC000004', N'Không', N'Người lớn từ 18-45 tuổi', 240, N'Anh', CAST(N'2024-04-10' AS Date), CAST(N'2025-04-25' AS Date), N'Tiêm bắp', N'AstraZeneca', 150000, 200000, N'/Uploads/Vaccine/5c3021e3-4e0b-4405-8251-dfa61baefbc0.png', N'Vắc-xin AstraZeneca hiệu quả với nhiều biến thể COVID-19. Chống chỉ định:
Không được tiêm trong da ở những trường hợp sau: đang điều trị dài ngày bằng các thuốc ức chế miễn dịch (bao gồm cả corticoid), và thuốc Chloroquin; người bị khiếm khuyết miễn dịch; trẻ em hoặc người có vết cắn nặng phần đầu, cổ, hay đến khám trễ sau khi bị vết thương.
Thận trọng khi sử dụng:
Người dị ứng với neomycin. Không tiêm cùng vị trí hay chung bơm tiêm vắc xin và immunoglobulin.
Không được tiêm vắc xin vào trong lòng mạch.
Phụ nữ có thai: hiện chưa có các bằng chứng Verorab gây ảnh hưởng đến thai nhi. Chính vì thế, nếu thai phụ bị chó dại cắn, cần đến ngay các cơ sở y tế để được khám, tư vấn và tiêm vắc xin phòng dại kịp thời. Đây là sự lựa chọn duy nhất để phòng bệnh dại phát cơn và gây nguy hiểm đến tính mạng mẹ bầu.
Phụ nữ cho con bú: bệnh dại là bệnh chết người vì vậy không có hạn chế nào trên phụ nữ cho con bú.
Sử dụng ở trẻ em: bệnh dại là bệnh chết người, không có giới hạn tuổi tác và được sử dụng cho trẻ em ở mọi lứa tuổi
Tác dụng không mong muốn:
Phản ứng tại chỗ tiêm: sưng, đau, đỏ da.
Phản ứng toàn thân: mệt mỏi, đau đầu, có thể sốt, run rẩy, ngất. Có thể đau nhức xương khớp, đau cơ. Rối loạn dạ dày, ruột.
Hiếm gặp sốc phản vệ.', 2, 40, 1, N'VT000004')
INSERT [dbo].[Vaccines] ([Id], [Contraindication], [Indication], [Number_Of_Injection], [Origin], [Time_Begin_Next_Injection], [Time_End_Next_Injection], [Usage], [Vaccine_Name], [Purchase_Price], [Selling_Price], [Image], [Description], [Required_Injections], [Time_Between_Injections], [Status], [Vaccine_Type_Id]) VALUES (N'VC000005', N'Suy giảm miễn dịch', N'Trẻ em từ 2-6 tuổi', 100, N'Trung Quốc', CAST(N'2026-05-15' AS Date), CAST(N'2027-05-30' AS Date), N'Tiêm bắp', N'Sinovac', 130000, 225000, N'/Uploads/Vaccine/d257fb74-2d7b-41ea-8f82-74b3a17942a8.png', N'Sinovac là vắc-xin bất hoạt dành cho trẻ nhỏ, mang lại khả năng miễn dịch rộng.', 1, 25, 1, N'VT000005')
INSERT [dbo].[Vaccines] ([Id], [Contraindication], [Indication], [Number_Of_Injection], [Origin], [Time_Begin_Next_Injection], [Time_End_Next_Injection], [Usage], [Vaccine_Name], [Purchase_Price], [Selling_Price], [Image], [Description], [Required_Injections], [Time_Between_Injections], [Status], [Vaccine_Type_Id]) VALUES (N'VC000006', N'Hen suyễn nặng', N'Người lớn từ 20-40 tuổi', 200, N'Ấn Độ', CAST(N'2024-06-01' AS Date), CAST(N'2025-06-15' AS Date), N'Tiêm bắp', N'Covaxin', 120000, 190000, N'/Uploads/Vaccine/1c575c1c-0479-4bb7-8681-c72b586584d5.png', N'Covaxin hiệu quả trong việc bảo vệ chống COVID-19 cho người lớn. Trong vắc xin có một lượng rất nhỏ glutaraldehyde, neomycin, streptomycin và polymycin B, vì vậy hãy cẩn trọng đối với những trẻ có tiền sử dị ứng với một trong các thành phần này.
Cần cân nhắc cẩn thận khi quyết định dùng tiếp các liều vắc xin chữa ho gà nếu đã từng có bất kỳ một trong các triệu chứng sau đây xảy ra:
Sốt ≥ 40 độ C trong vòng 48 giờ sau khi tiêm, mà không phải do một nguyên nhân xác định nào khác.
Trụy mạch hay trạng thái giống sốc (giảm trương lực- giảm cơ đáp ứng) trong vòng 48 giờ sau khi tiêm ngừa.
Quấy khóc dai dẳng, kéo dài ≥ 3 giờ, xảy ra trong vòng 48 giờ sau khi tiêm.
Co giật có kèm theo sốt hay không sốt, xảy ra trong vòng 3 ngày sau khi tiêm.
Nếu trẻ đang/đã có vấn đề sức khỏe hay bị dị ứng.
Nếu trước đây, sau khi tiêm vắc xin có chứa giải độc tố uốn ván (vắc xin uốn ván)  trẻ bị hội hội chứng Guillain-Barré (nhạy cảm bất thường, liệt) hay viêm dây thần kinh cánh tay (liệt, đau lan tỏa ở cánh tay và vai), bác sĩ sẽ quyết định có tiếp tục dùng vắc xin có chứa giải độc tố uốn ván nữa hay không.
Nếu trẻ đang được điều trị bằng thuốc ức chế miễn dịch hoặc bị suy giảm miễn dịch, thì đáp ứng miễn dịch đối với vắc xin sẽ bị giảm.', 3, 50, 1, N'VT000001')
INSERT [dbo].[Vaccines] ([Id], [Contraindication], [Indication], [Number_Of_Injection], [Origin], [Time_Begin_Next_Injection], [Time_End_Next_Injection], [Usage], [Vaccine_Name], [Purchase_Price], [Selling_Price], [Image], [Description], [Required_Injections], [Time_Between_Injections], [Status], [Vaccine_Type_Id]) VALUES (N'VC000007', N'Không', N'Phụ nữ mang thai', 240, N'Mỹ', CAST(N'2024-07-10' AS Date), CAST(N'2025-07-25' AS Date), N'Tiêm bắp', N'Johnson & Johnson', 135000, 210000, N'/Uploads/Vaccine/29c4693c-62d1-417b-81e8-addb27388ca7.png', N'Vắc-xin Johnson & Johnson mang lại khả năng bảo vệ chỉ với một liều. Chống chỉ định:
Người quá mẫn với thành phần của vắc xin.
Bệnh lý não (ví dụ hôn mê, giảm tri giác, co giật kéo dài) xảy ra trong vòng 7 ngày sau khi tiêm một liều vắc xin bất kỳ có chứa thành phần ho gà mà không xác định được nguyên nhân nào khác.
Thận trọng khi sử dụng:
Hoãn việc sử dụng vắc xin khi có sốt cao hoặc các bệnh cấp tính.
Không nên tiêm bắp cho những người bị các rối loạn chảy máu, như bệnh máu khó đông hoặc giảm tiểu cầu.
Tác dụng không mong muốn:
Đau tại nơi tiêm là phản ứng tại chỗ hay gặp nhất, mệt mỏi ở trẻ em và nhức đầu ở thiếu niên và người lớn, sốt được báo cáo ở dưới 10% số người được tiêm vắc xin.
Phản ứng dị ứng quá mẫn, ngứa, mày đay (hiếm khi xảy ra). 
Tương tác thuốc:
Khi tiêm Adacel cùng với các vắc xin khác cùng buổi tiêm chủng thì phải dùng những bơm tiêm riêng và tiêm ở những vị trí khác nhau và tốt nhất là nên tiêm ở các chi khác nhau.', 4, 70, 1, N'VT000002')
INSERT [dbo].[Vaccines] ([Id], [Contraindication], [Indication], [Number_Of_Injection], [Origin], [Time_Begin_Next_Injection], [Time_End_Next_Injection], [Usage], [Vaccine_Name], [Purchase_Price], [Selling_Price], [Image], [Description], [Required_Injections], [Time_Between_Injections], [Status], [Vaccine_Type_Id]) VALUES (N'VC000008', N'Dị ứng với trứng', N'Trẻ em từ 1-5 tuổi', 100, N'Anh', CAST(N'2025-08-05' AS Date), CAST(N'2026-08-20' AS Date), N'Vắc-xin uống', N'Infanrix', 110000, 170000, N'/Uploads/Vaccine/c73de0df-9128-42ac-bc5c-0191b23a87a1.png', N'Infanrix bảo vệ chống lại bạch hầu, uốn ván và ho gà.', 2, 35, 1, N'VT000003')
INSERT [dbo].[Vaccines] ([Id], [Contraindication], [Indication], [Number_Of_Injection], [Origin], [Time_Begin_Next_Injection], [Time_End_Next_Injection], [Usage], [Vaccine_Name], [Purchase_Price], [Selling_Price], [Image], [Description], [Required_Injections], [Time_Between_Injections], [Status], [Vaccine_Type_Id]) VALUES (N'VC000009', N'Không', N'Nhân viên y tế', 200, N'Đức', CAST(N'2024-09-01' AS Date), CAST(N'2025-09-15' AS Date), N'Tiêm bắp', N'Comirnaty', 140000, 220000, N'/Uploads/Vaccine/4156a8b1-3ea2-4c52-b85a-1f9a658ed76c.png', N'Comirnaty là vắc-xin COVID-19 đáng tin cậy dành cho nhân viên tuyến đầu.', 5, 90, 1, N'VT000004')
INSERT [dbo].[Vaccines] ([Id], [Contraindication], [Indication], [Number_Of_Injection], [Origin], [Time_Begin_Next_Injection], [Time_End_Next_Injection], [Usage], [Vaccine_Name], [Purchase_Price], [Selling_Price], [Image], [Description], [Required_Injections], [Time_Between_Injections], [Status], [Vaccine_Type_Id]) VALUES (N'VC000010', N'Không', N'Khách du lịch đến các vùng dịch bệnh lưu hành', 100, N'Ấn Độ', CAST(N'2026-10-15' AS Date), CAST(N'2027-10-30' AS Date), N'Vắc-xin uống', N'Vaxchora', 125000, 185000, N'/Uploads/Vaccine/75ef4550-1720-4622-807d-65de82d2ac56.png', N'Vaxchora bảo vệ chống lại bệnh tả cho khách du lịch.', 3, 60, 1, N'VT000005')
INSERT [dbo].[Vaccines] ([Id], [Contraindication], [Indication], [Number_Of_Injection], [Origin], [Time_Begin_Next_Injection], [Time_End_Next_Injection], [Usage], [Vaccine_Name], [Purchase_Price], [Selling_Price], [Image], [Description], [Required_Injections], [Time_Between_Injections], [Status], [Vaccine_Type_Id]) VALUES (N'VC000011', N'Không', N'Trẻ sơ sinh dưới 1 tuổi', 150, N'Mỹ', CAST(N'2025-01-01' AS Date), CAST(N'2026-01-15' AS Date), N'Tiêm bắp', N'Pentacel', 140000, 200000, N'/Uploads/Vaccine/08033da4-a4d5-4152-8c34-264ee08b0653.png', N'Pentacel bảo vệ chống bạch hầu, uốn ván, ho gà và bại liệt. Trong vắc xin có một lượng rất nhỏ glutaraldehyde, neomycin, streptomycin và polymycin B, vì vậy hãy cẩn trọng đối với những trẻ có tiền sử dị ứng với một trong các thành phần này.
Cần cân nhắc cẩn thận khi quyết định dùng tiếp các liều vắc xin chữa ho gà nếu đã từng có bất kỳ một trong các triệu chứng sau đây xảy ra:
Sốt ≥ 40 độ C trong vòng 48 giờ sau khi tiêm, mà không phải do một nguyên nhân xác định nào khác.
Trụy mạch hay trạng thái giống sốc (giảm trương lực- giảm cơ đáp ứng) trong vòng 48 giờ sau khi tiêm ngừa.
Quấy khóc dai dẳng, kéo dài ≥ 3 giờ, xảy ra trong vòng 48 giờ sau khi tiêm.
Co giật có kèm theo sốt hay không sốt, xảy ra trong vòng 3 ngày sau khi tiêm.
Nếu trẻ đang/đã có vấn đề sức khỏe hay bị dị ứng.
Nếu trước đây, sau khi tiêm vắc xin có chứa giải độc tố uốn ván (vắc xin uốn ván)  trẻ bị hội hội chứng Guillain-Barré (nhạy cảm bất thường, liệt) hay viêm dây thần kinh cánh tay (liệt, đau lan tỏa ở cánh tay và vai), bác sĩ sẽ quyết định có tiếp tục dùng vắc xin có chứa giải độc tố uốn ván nữa hay không.
Nếu trẻ đang được điều trị bằng thuốc ức chế miễn dịch hoặc bị suy giảm miễn dịch, thì đáp ứng miễn dịch đối với vắc xin sẽ bị giảm.', 2, 30, 1, N'VT000001')
INSERT [dbo].[Vaccines] ([Id], [Contraindication], [Indication], [Number_Of_Injection], [Origin], [Time_Begin_Next_Injection], [Time_End_Next_Injection], [Usage], [Vaccine_Name], [Purchase_Price], [Selling_Price], [Image], [Description], [Required_Injections], [Time_Between_Injections], [Status], [Vaccine_Type_Id]) VALUES (N'VC000012', N'Không', N'Người lớn trên 50 tuổi', 100, N'Pháp', CAST(N'2024-11-05' AS Date), CAST(N'2025-11-20' AS Date), N'Tiêm dưới da', N'FluQuadri', 100000, 160000, N'/Uploads/Vaccine/5124cf19-546c-4316-be51-6c51a516aeb4.png', N'FluQuadri cung cấp bảo vệ theo mùa chống cúm. Chống chỉ định:
Người quá mẫn với thành phần của vắc xin.
Bệnh lý não (ví dụ hôn mê, giảm tri giác, co giật kéo dài) xảy ra trong vòng 7 ngày sau khi tiêm một liều vắc xin bất kỳ có chứa thành phần ho gà mà không xác định được nguyên nhân nào khác.
Thận trọng khi sử dụng:
Hoãn việc sử dụng vắc xin khi có sốt cao hoặc các bệnh cấp tính.
Không nên tiêm bắp cho những người bị các rối loạn chảy máu, như bệnh máu khó đông hoặc giảm tiểu cầu.
Tác dụng không mong muốn:
Đau tại nơi tiêm là phản ứng tại chỗ hay gặp nhất, mệt mỏi ở trẻ em và nhức đầu ở thiếu niên và người lớn, sốt được báo cáo ở dưới 10% số người được tiêm vắc xin.
Phản ứng dị ứng quá mẫn, ngứa, mày đay (hiếm khi xảy ra). 
Tương tác thuốc:
Khi tiêm Adacel cùng với các vắc xin khác cùng buổi tiêm chủng thì phải dùng những bơm tiêm riêng và tiêm ở những vị trí khác nhau và tốt nhất là nên tiêm ở các chi khác nhau.', 1, 20, 1, N'VT000002')
INSERT [dbo].[Vaccines] ([Id], [Contraindication], [Indication], [Number_Of_Injection], [Origin], [Time_Begin_Next_Injection], [Time_End_Next_Injection], [Usage], [Vaccine_Name], [Purchase_Price], [Selling_Price], [Image], [Description], [Required_Injections], [Time_Between_Injections], [Status], [Vaccine_Type_Id]) VALUES (N'VC000013', N'Không', N'Trẻ em từ 1-3 tuổi', 100, N'Trung Quốc', CAST(N'2024-12-10' AS Date), CAST(N'2025-12-25' AS Date), N'Tiêm bắp', N'Hepavax-Gene', 130000, 200000, N'/Uploads/Vaccine/6f134735-c4d6-4e40-8bab-3874965118b4.png', N'Hepavax-Gene ngăn ngừa nhiễm viêm gan B.', 3, 50, 1, N'VT000003')
INSERT [dbo].[Vaccines] ([Id], [Contraindication], [Indication], [Number_Of_Injection], [Origin], [Time_Begin_Next_Injection], [Time_End_Next_Injection], [Usage], [Vaccine_Name], [Purchase_Price], [Selling_Price], [Image], [Description], [Required_Injections], [Time_Between_Injections], [Status], [Vaccine_Type_Id]) VALUES (N'VC000014', N'Không', N'Người lớn từ 18-30 tuổi', 200, N'Đức', CAST(N'2024-08-01' AS Date), CAST(N'2025-08-15' AS Date), N'Tiêm bắp', N'Gardasil', 150000, 250000, N'/Uploads/Vaccine/baa8a287-7366-448a-b875-2b25381a634c.png', N'Gardasil hiệu quả chống lại HPV cho thanh niên.', 5, 90, 1, N'VT000004')
INSERT [dbo].[Vaccines] ([Id], [Contraindication], [Indication], [Number_Of_Injection], [Origin], [Time_Begin_Next_Injection], [Time_End_Next_Injection], [Usage], [Vaccine_Name], [Purchase_Price], [Selling_Price], [Image], [Description], [Required_Injections], [Time_Between_Injections], [Status], [Vaccine_Type_Id]) VALUES (N'VC000015', N'Không', N'Trẻ em từ 3-6 tuổi', 100, N'Ấn Độ', CAST(N'2024-10-10' AS Date), CAST(N'2025-10-25' AS Date), N'Vắc-xin uống', N'Rotarix', 115000, 175000, N'/Uploads/Vaccine/cdefdb47-d543-4e15-a313-91a4d5d44648.png', N'Rotarix ngăn ngừa nhiễm rotavirus nghiêm trọng ở trẻ em.', 2, 45, 1, N'VT000005')
INSERT [dbo].[Vaccines] ([Id], [Contraindication], [Indication], [Number_Of_Injection], [Origin], [Time_Begin_Next_Injection], [Time_End_Next_Injection], [Usage], [Vaccine_Name], [Purchase_Price], [Selling_Price], [Image], [Description], [Required_Injections], [Time_Between_Injections], [Status], [Vaccine_Type_Id]) VALUES (N'VC000016', N'Không', N'Nhân viên y tế', 200, N'Anh', CAST(N'2024-09-01' AS Date), CAST(N'2025-09-15' AS Date), N'Tiêm bắp', N'Shingrix', 145000, 215000, N'/Uploads/Vaccine/f594c121-3789-4a8a-8d9c-0a8114724605.png', N'Shingrix được khuyến nghị để phòng ngừa bệnh zona. Thận trọng khi sử dụng: 
Đối tượng đang sốt cao cấp tính (hoãn tiêm cho đến khi trẻ hết sốt).
Trẻ bị rối loạn thần kinh tiến triển bao gồm chứng co thắt, động kinh không kiểm soát hoặc bệnh não tiến triển (hoãn tiêm cho đến khi bệnh khỏi hoặc ổn định, hoặc cân nhắc nguy cơ/lợi ích).
Cân nhắc sử dụng đối với trường hợp sau tiêm chủng vắc xin có thành phần ho gà trong vòng 48 giờ có biểu hiện sốt, quấy khóc…
Tác dụng không mong muốn:
Trẻ em 4-9 tuổi: Có thể chán ăn, ngủ gà gật, nhạy cảm chỗ tiêm, sốt, nôn, tiêu chảy.
Người lớn, thanh thiếu niên và trẻ em ≥10 tuổi: Có thể đau đầu, nhạy cảm chỗ tiêm, mệt mỏi, khó chịu chóng mặt; buồn nôn, rối loạn tiêu hóa.
Tương tác thuốc:
Nếu đang dùng thuốc hoặc muốn tiêm cùng với các vắc xin khác vào cùng một thời điểm, hãy hỏi ý kiến của bác sĩ hoặc dược sĩ.
Bảo quản:
Vắc xin được bảo quản ở nhiệt độ từ 2 đến 8 độ C. Không được để đông băng.', 3, 60, 1, N'VT000001')
INSERT [dbo].[Vaccines] ([Id], [Contraindication], [Indication], [Number_Of_Injection], [Origin], [Time_Begin_Next_Injection], [Time_End_Next_Injection], [Usage], [Vaccine_Name], [Purchase_Price], [Selling_Price], [Image], [Description], [Required_Injections], [Time_Between_Injections], [Status], [Vaccine_Type_Id]) VALUES (N'VC000017', N'Dị ứng nặng', N'Trẻ em từ 6-12 tháng tuổi', 100, N'Pháp', CAST(N'2025-02-10' AS Date), CAST(N'2026-02-20' AS Date), N'Vắc-xin uống', N'Boostrix', 140000, 200000, N'/Uploads/Vaccine/50e5be1b-e5b7-495c-8da5-389b0bd7f845.png', N'Boostrix cung cấp khả năng bảo vệ chống ho gà. Vắc xin Boostrix (Bỉ) tạo đáp ứng kháng thể chống 3 bệnh ho gà – bạch hầu – uốn ván.

Nguồn gốc
Vắc xin Boostrix được nghiên cứu và phát triển bởi tập đoàn hàng đầu thế giới về dược phẩm và chế phẩm sinh học Glaxosmithkline (GSK) – Bỉ.

Đường tiêm
Vắc xin Boostrix được chỉ định tiêm bắp với liều 0.5ml. Không được tiêm dưới da hoặc tĩnh mạch. Ở trẻ lớn và người lớn, thường tiêm vào cơ delta còn trẻ nhỏ thường vào mặt trước – bên đùi.

Chống chỉ định
Tiền sử quá mẫn với thành phần của vắc xin. Quá mẫn sau khi tiêm vắc xin bạch hầu, ho gà hoặc uốn ván trước đó.
Người đã từng bị các biểu hiện về não: hôn mê, bất tỉnh, co giật kéo dài.
Người có tiền sử giảm tiểu cầu thoáng qua hoặc biến chứng thần kinh sau chủng ngừa bạch hầu và/hoặc uốn ván trước đó.
Thận trọng khi sử dụng
Đối tượng đang sốt cao cấp tính (hoãn tiêm cho đến khi trẻ hết sốt).
Trẻ bị rối loạn thần kinh tiến triển bao gồm chứng co thắt, động kinh không kiểm soát hoặc bệnh não tiến triển (hoãn tiêm cho đến khi bệnh khỏi hoặc ổn định, hoặc cân nhắc nguy cơ/lợi ích).
Cân nhắc sử dụng đối với trường hợp sau tiêm chủng vắc xin có thành phần ho gà trong vòng 48 giờ có biểu hiện sốt, quấy khóc…
Tác dụng không mong muốn
Trẻ em 4-9 tuổi: Có thể chán ăn, ngủ gà gật, nhạy cảm chỗ tiêm, sốt, nôn, tiêu chảy.
Người lớn, thanh thiếu niên và trẻ em ≥10 tuổi: Có thể đau đầu, nhạy cảm chỗ tiêm, mệt mỏi, khó chịu chóng mặt; buồn nôn, rối loạn tiêu hóa.
Tương tác thuốc
Nếu đang dùng thuốc hoặc muốn tiêm cùng với các vắc xin khác vào cùng một thời điểm, hãy hỏi ý kiến của bác sĩ hoặc dược sĩ.', 4, 70, 1, N'VT000002')
INSERT [dbo].[Vaccines] ([Id], [Contraindication], [Indication], [Number_Of_Injection], [Origin], [Time_Begin_Next_Injection], [Time_End_Next_Injection], [Usage], [Vaccine_Name], [Purchase_Price], [Selling_Price], [Image], [Description], [Required_Injections], [Time_Between_Injections], [Status], [Vaccine_Type_Id]) VALUES (N'VC000018', N'Không', N'Phụ nữ mang thai trong tam cá nguyệt thứ 2', 25, N'Đức', CAST(N'2024-05-01' AS Date), CAST(N'2025-05-15' AS Date), N'Tiêm bắp', N'Tdap', 130000, 190000, N'/Uploads/Vaccine/45a09156-692c-4dc2-b276-e817a91df634.png', N'Vắc-xin Tdap an toàn và được khuyến nghị cho phụ nữ mang thai.', 5, 80, 1, N'VT000003')
INSERT [dbo].[Vaccines] ([Id], [Contraindication], [Indication], [Number_Of_Injection], [Origin], [Time_Begin_Next_Injection], [Time_End_Next_Injection], [Usage], [Vaccine_Name], [Purchase_Price], [Selling_Price], [Image], [Description], [Required_Injections], [Time_Between_Injections], [Status], [Vaccine_Type_Id]) VALUES (N'VC000019', N'Không', N'Trẻ sơ sinh và trẻ em', 250, N'Trung Quốc', CAST(N'2024-11-10' AS Date), CAST(N'2025-11-25' AS Date), N'Tiêm bắp', N'BCG', 110000, 150000, N'/Uploads/Vaccine/8f1efcbd-767f-499e-ad6e-b8810769a3a0.png', N'Vắc-xin BCG bảo vệ chống lao.', 3, 55, 1, N'VT000004')
INSERT [dbo].[Vaccines] ([Id], [Contraindication], [Indication], [Number_Of_Injection], [Origin], [Time_Begin_Next_Injection], [Time_End_Next_Injection], [Usage], [Vaccine_Name], [Purchase_Price], [Selling_Price], [Image], [Description], [Required_Injections], [Time_Between_Injections], [Status], [Vaccine_Type_Id]) VALUES (N'VC000020', N'Không', N'Khách du lịch đến các vùng nhiệt đới', 170, N'Mỹ', CAST(N'2026-03-01' AS Date), CAST(N'2027-03-15' AS Date), N'Tiêm bắp', N'YF-Vax', 140000, 200000, N'/Uploads/Vaccine/ca31281a-f817-4f15-890b-6c60fcc053ba.png', N'YF-Vax cung cấp miễn dịch chống sốt vàng da cho khách du lịch.', 4, 70, 1, N'VT000005')
INSERT [dbo].[Vaccines] ([Id], [Contraindication], [Indication], [Number_Of_Injection], [Origin], [Time_Begin_Next_Injection], [Time_End_Next_Injection], [Usage], [Vaccine_Name], [Purchase_Price], [Selling_Price], [Image], [Description], [Required_Injections], [Time_Between_Injections], [Status], [Vaccine_Type_Id]) VALUES (N'VC000021', N'Không', N'Trẻ em từ 6 tháng tuổi trở lên', 180, N'Việt Nam', CAST(N'2024-01-01' AS Date), CAST(N'2025-01-01' AS Date), N'Tiêm bắp', N'Ivacflu-S', 90000, 120000, N'/Uploads/Vaccine/3e8cdf7d-dae7-44d4-8d91-030be6e0f7b7.png', N'Ivacflu-S là vắc-xin phòng cúm chứa 2 chủng cúm A và 2 chủng cúm B.', 1, 12, 1, N'VT000006')
INSERT [dbo].[Vaccines] ([Id], [Contraindication], [Indication], [Number_Of_Injection], [Origin], [Time_Begin_Next_Injection], [Time_End_Next_Injection], [Usage], [Vaccine_Name], [Purchase_Price], [Selling_Price], [Image], [Description], [Required_Injections], [Time_Between_Injections], [Status], [Vaccine_Type_Id]) VALUES (N'VC000022', N'Không', N'Trẻ em từ 6 tháng tuổi trở lên', 150, N'Tổng hợp', CAST(N'2024-02-01' AS Date), CAST(N'2025-02-01' AS Date), N'Tiêm bắp', N'Flu Quad Vaccine', 100000, 140000, N'/Uploads/Vaccine/d378079e-e449-458f-9b1b-fbaecd1935f8.png', N'Flu Quad Vaccine là vắc-xin phòng cúm hiệu quả cho cả trẻ em và người lớn.', 1, 12, 1, N'VT000007')
INSERT [dbo].[Vaccines] ([Id], [Contraindication], [Indication], [Number_Of_Injection], [Origin], [Time_Begin_Next_Injection], [Time_End_Next_Injection], [Usage], [Vaccine_Name], [Purchase_Price], [Selling_Price], [Image], [Description], [Required_Injections], [Time_Between_Injections], [Status], [Vaccine_Type_Id]) VALUES (N'VC000023', N'Không', N'Phụ nữ trong độ tuổi 18-45', 330, N'Tổng hợp', CAST(N'2024-03-01' AS Date), CAST(N'2025-03-01' AS Date), N'Tiêm bắp', N'HPV Vaccine', 120000, 160000, N'/Uploads/Vaccine/d47182cf-13d8-4856-9520-14821a2c3a6e.png', N'HPV Vaccine giúp phòng ngừa các bệnh liên quan đến vi rút HPV, bao gồm ung thư cổ tử cung.', 3, 60, 1, N'VT000008')
INSERT [dbo].[Vaccines] ([Id], [Contraindication], [Indication], [Number_Of_Injection], [Origin], [Time_Begin_Next_Injection], [Time_End_Next_Injection], [Usage], [Vaccine_Name], [Purchase_Price], [Selling_Price], [Image], [Description], [Required_Injections], [Time_Between_Injections], [Status], [Vaccine_Type_Id]) VALUES (N'VC000024', N'Không', N'Trẻ em dưới 12 tháng tuổi', 350, N'Tổng hợp', CAST(N'2024-04-01' AS Date), CAST(N'2025-04-01' AS Date), N'Tiêm bắp', N'DTP Vaccine', 110000, 150000, N'/Uploads/Vaccine/e5422bc3-6a24-4688-9939-55e4796e56c9.png', N'DTP Vaccine giúp bảo vệ trẻ em khỏi ho gà, uốn ván và bạch hầu.', 3, 45, 1, N'VT000009')
INSERT [dbo].[Vaccines] ([Id], [Contraindication], [Indication], [Number_Of_Injection], [Origin], [Time_Begin_Next_Injection], [Time_End_Next_Injection], [Usage], [Vaccine_Name], [Purchase_Price], [Selling_Price], [Image], [Description], [Required_Injections], [Time_Between_Injections], [Status], [Vaccine_Type_Id]) VALUES (N'VC000025', N'Không', N'Trẻ em từ 2 tháng tuổi trở lên', 5, N'Tổng hợp', CAST(N'2024-05-01' AS Date), CAST(N'2025-05-01' AS Date), N'Tiêm bắp', N'Combination Vaccine', 140000, 180000, N'/Uploads/Vaccine/24a56ad0-fef6-488e-aa73-fb1364017010.png', N'Combination Vaccine kết hợp phòng ngừa các bệnh như bại liệt, viêm gan, và bạch hầu.', 5, 60, 1, N'VT000010')
INSERT [dbo].[Vaccines] ([Id], [Contraindication], [Indication], [Number_Of_Injection], [Origin], [Time_Begin_Next_Injection], [Time_End_Next_Injection], [Usage], [Vaccine_Name], [Purchase_Price], [Selling_Price], [Image], [Description], [Required_Injections], [Time_Between_Injections], [Status], [Vaccine_Type_Id]) VALUES (N'VC000026', N'Không', N'Người lớn từ 25-50 tuổi', 260, N'Mỹ', CAST(N'2025-01-01' AS Date), CAST(N'2026-06-15' AS Date), N'Tiêm bắp', N'Pfizer Comirnaty 2.0', 150000, 220000, N'/Uploads/Vaccine/f17d42ec-fd4f-43bc-8fc1-1a482ece3b08.png', N'Phiên bản mới của Comirnaty, phù hợp với biến thể mới. Thận trọng khi sử dụng: 
Đối tượng đang sốt cao cấp tính (hoãn tiêm cho đến khi trẻ hết sốt).
Trẻ bị rối loạn thần kinh tiến triển bao gồm chứng co thắt, động kinh không kiểm soát hoặc bệnh não tiến triển (hoãn tiêm cho đến khi bệnh khỏi hoặc ổn định, hoặc cân nhắc nguy cơ/lợi ích).
Cân nhắc sử dụng đối với trường hợp sau tiêm chủng vắc xin có thành phần ho gà trong vòng 48 giờ có biểu hiện sốt, quấy khóc…
Tác dụng không mong muốn:
Trẻ em 4-9 tuổi: Có thể chán ăn, ngủ gà gật, nhạy cảm chỗ tiêm, sốt, nôn, tiêu chảy.
Người lớn, thanh thiếu niên và trẻ em ≥10 tuổi: Có thể đau đầu, nhạy cảm chỗ tiêm, mệt mỏi, khó chịu chóng mặt; buồn nôn, rối loạn tiêu hóa.
Tương tác thuốc:
Nếu đang dùng thuốc hoặc muốn tiêm cùng với các vắc xin khác vào cùng một thời điểm, hãy hỏi ý kiến của bác sĩ hoặc dược sĩ.
Bảo quản:
Vắc xin được bảo quản ở nhiệt độ từ 2 đến 8 độ C. Không được để đông băng.', 2, 60, 1, N'VT000001')
INSERT [dbo].[Vaccines] ([Id], [Contraindication], [Indication], [Number_Of_Injection], [Origin], [Time_Begin_Next_Injection], [Time_End_Next_Injection], [Usage], [Vaccine_Name], [Purchase_Price], [Selling_Price], [Image], [Description], [Required_Injections], [Time_Between_Injections], [Status], [Vaccine_Type_Id]) VALUES (N'VC000027', N'Dị ứng với latex', N'Trẻ em từ 12-18 tuổi', 360, N'Canada', CAST(N'2025-03-01' AS Date), CAST(N'2026-07-20' AS Date), N'Tiêm bắp', N'Covovax Pediatric', 130000, 190000, N'/Uploads/Vaccine/33e89564-5cc7-4a9b-9a64-65367b495e9d.png', N'Vắc-xin an toàn cho trẻ lớn, ngăn ngừa COVID-19 hiệu quả. Thận trọng khi sử dụng: 
Đối tượng đang sốt cao cấp tính (hoãn tiêm cho đến khi trẻ hết sốt).
Trẻ bị rối loạn thần kinh tiến triển bao gồm chứng co thắt, động kinh không kiểm soát hoặc bệnh não tiến triển (hoãn tiêm cho đến khi bệnh khỏi hoặc ổn định, hoặc cân nhắc nguy cơ/lợi ích).
Cân nhắc sử dụng đối với trường hợp sau tiêm chủng vắc xin có thành phần ho gà trong vòng 48 giờ có biểu hiện sốt, quấy khóc…
Tác dụng không mong muốn:
Trẻ em 4-9 tuổi: Có thể chán ăn, ngủ gà gật, nhạy cảm chỗ tiêm, sốt, nôn, tiêu chảy.
Người lớn, thanh thiếu niên và trẻ em ≥10 tuổi: Có thể đau đầu, nhạy cảm chỗ tiêm, mệt mỏi, khó chịu chóng mặt; buồn nôn, rối loạn tiêu hóa.
Tương tác thuốc:
Nếu đang dùng thuốc hoặc muốn tiêm cùng với các vắc xin khác vào cùng một thời điểm, hãy hỏi ý kiến của bác sĩ hoặc dược sĩ.
Bảo quản:
Vắc xin được bảo quản ở nhiệt độ từ 2 đến 8 độ C. Không được để đông băng.', 3, 45, 1, N'VT000001')
INSERT [dbo].[Vaccines] ([Id], [Contraindication], [Indication], [Number_Of_Injection], [Origin], [Time_Begin_Next_Injection], [Time_End_Next_Injection], [Usage], [Vaccine_Name], [Purchase_Price], [Selling_Price], [Image], [Description], [Required_Injections], [Time_Between_Injections], [Status], [Vaccine_Type_Id]) VALUES (N'VC000028', N'Dị ứng nặng', N'Người lớn trên 60 tuổi', 140, N'Úc', CAST(N'2025-05-01' AS Date), CAST(N'2026-09-10' AS Date), N'Tiêm bắp', N'Australian Shield', 160000, 250000, N'/Uploads/Vaccine/8e740e35-a041-4ed0-a597-d67766448e0b.png', N'Dòng vắc-xin cao cấp dành riêng cho người cao tuổi. Thận trọng khi sử dụng: 
Đối tượng đang sốt cao cấp tính (hoãn tiêm cho đến khi trẻ hết sốt).
Trẻ bị rối loạn thần kinh tiến triển bao gồm chứng co thắt, động kinh không kiểm soát hoặc bệnh não tiến triển (hoãn tiêm cho đến khi bệnh khỏi hoặc ổn định, hoặc cân nhắc nguy cơ/lợi ích).
Cân nhắc sử dụng đối với trường hợp sau tiêm chủng vắc xin có thành phần ho gà trong vòng 48 giờ có biểu hiện sốt, quấy khóc…
Tác dụng không mong muốn:
Trẻ em 4-9 tuổi: Có thể chán ăn, ngủ gà gật, nhạy cảm chỗ tiêm, sốt, nôn, tiêu chảy.
Người lớn, thanh thiếu niên và trẻ em ≥10 tuổi: Có thể đau đầu, nhạy cảm chỗ tiêm, mệt mỏi, khó chịu chóng mặt; buồn nôn, rối loạn tiêu hóa.
Tương tác thuốc:
Nếu đang dùng thuốc hoặc muốn tiêm cùng với các vắc xin khác vào cùng một thời điểm, hãy hỏi ý kiến của bác sĩ hoặc dược sĩ.
Bảo quản:
Vắc xin được bảo quản ở nhiệt độ từ 2 đến 8 độ C. Không được để đông băng.', 1, 30, 1, N'VT000001')
INSERT [dbo].[Vaccines] ([Id], [Contraindication], [Indication], [Number_Of_Injection], [Origin], [Time_Begin_Next_Injection], [Time_End_Next_Injection], [Usage], [Vaccine_Name], [Purchase_Price], [Selling_Price], [Image], [Description], [Required_Injections], [Time_Between_Injections], [Status], [Vaccine_Type_Id]) VALUES (N'VC000029', N'Suy giảm miễn dịch', N'Phụ nữ sau sinh', 230, N'Hàn Quốc', CAST(N'2025-07-01' AS Date), CAST(N'2026-12-10' AS Date), N'Tiêm bắp', N'KoreaProtect Plus', 140000, 210000, N'/Uploads/Vaccine/a5840e99-ec33-42a0-9128-71c51e5f417f.png', N'Vắc-xin COVID-19 an toàn cho phụ nữ sau sinh. Thận trọng khi sử dụng: 
Đối tượng đang sốt cao cấp tính (hoãn tiêm cho đến khi trẻ hết sốt).
Trẻ bị rối loạn thần kinh tiến triển bao gồm chứng co thắt, động kinh không kiểm soát hoặc bệnh não tiến triển (hoãn tiêm cho đến khi bệnh khỏi hoặc ổn định, hoặc cân nhắc nguy cơ/lợi ích).
Cân nhắc sử dụng đối với trường hợp sau tiêm chủng vắc xin có thành phần ho gà trong vòng 48 giờ có biểu hiện sốt, quấy khóc…
Tác dụng không mong muốn:
Trẻ em 4-9 tuổi: Có thể chán ăn, ngủ gà gật, nhạy cảm chỗ tiêm, sốt, nôn, tiêu chảy.
Người lớn, thanh thiếu niên và trẻ em ≥10 tuổi: Có thể đau đầu, nhạy cảm chỗ tiêm, mệt mỏi, khó chịu chóng mặt; buồn nôn, rối loạn tiêu hóa.
Tương tác thuốc:
Nếu đang dùng thuốc hoặc muốn tiêm cùng với các vắc xin khác vào cùng một thời điểm, hãy hỏi ý kiến của bác sĩ hoặc dược sĩ.
Bảo quản:
Vắc xin được bảo quản ở nhiệt độ từ 2 đến 8 độ C. Không được để đông băng.', 2, 60, 1, N'VT000001')
INSERT [dbo].[Vaccines] ([Id], [Contraindication], [Indication], [Number_Of_Injection], [Origin], [Time_Begin_Next_Injection], [Time_End_Next_Injection], [Usage], [Vaccine_Name], [Purchase_Price], [Selling_Price], [Image], [Description], [Required_Injections], [Time_Between_Injections], [Status], [Vaccine_Type_Id]) VALUES (N'VC000030', N'Không', N'Người lớn và trẻ trên 12 tuổi', 170, N'Nhật Bản', CAST(N'2025-09-01' AS Date), CAST(N'2026-12-25' AS Date), N'Tiêm bắp', N'SakuraVax', 135000, 200000, N'/Uploads/Vaccine/db202552-0fb5-4b4c-927a-d1bfa4fd9863.png', N'Vắc-xin công nghệ Nhật Bản với hiệu quả cao. Thận trọng khi sử dụng: 
Đối tượng đang sốt cao cấp tính (hoãn tiêm cho đến khi trẻ hết sốt).
Trẻ bị rối loạn thần kinh tiến triển bao gồm chứng co thắt, động kinh không kiểm soát hoặc bệnh não tiến triển (hoãn tiêm cho đến khi bệnh khỏi hoặc ổn định, hoặc cân nhắc nguy cơ/lợi ích).
Cân nhắc sử dụng đối với trường hợp sau tiêm chủng vắc xin có thành phần ho gà trong vòng 48 giờ có biểu hiện sốt, quấy khóc…
Tác dụng không mong muốn:
Trẻ em 4-9 tuổi: Có thể chán ăn, ngủ gà gật, nhạy cảm chỗ tiêm, sốt, nôn, tiêu chảy.
Người lớn, thanh thiếu niên và trẻ em ≥10 tuổi: Có thể đau đầu, nhạy cảm chỗ tiêm, mệt mỏi, khó chịu chóng mặt; buồn nôn, rối loạn tiêu hóa.
Tương tác thuốc:
Nếu đang dùng thuốc hoặc muốn tiêm cùng với các vắc xin khác vào cùng một thời điểm, hãy hỏi ý kiến của bác sĩ hoặc dược sĩ.
Bảo quản:
Vắc xin được bảo quản ở nhiệt độ từ 2 đến 8 độ C. Không được để đông băng.', 1, 40, 1, N'VT000001')
INSERT [dbo].[Vaccines] ([Id], [Contraindication], [Indication], [Number_Of_Injection], [Origin], [Time_Begin_Next_Injection], [Time_End_Next_Injection], [Usage], [Vaccine_Name], [Purchase_Price], [Selling_Price], [Image], [Description], [Required_Injections], [Time_Between_Injections], [Status], [Vaccine_Type_Id]) VALUES (N'VC000031', N'Dị ứng với gelatin', N'Trẻ sơ sinh từ 6 tháng tuổi', 200, N'Anh', CAST(N'2025-01-15' AS Date), CAST(N'2026-07-15' AS Date), N'Vắc-xin uống', N'FluGuard', 120000, 180000, N'/Uploads/Vaccine/81a8dd39-aa05-4be5-b5b2-f3e3917d10e2.png', N'FluGuard ngăn ngừa cúm mùa, an toàn cho trẻ nhỏ. Chống chỉ định:
Người quá mẫn với thành phần của vắc xin.
Bệnh lý não (ví dụ hôn mê, giảm tri giác, co giật kéo dài) xảy ra trong vòng 7 ngày sau khi tiêm một liều vắc xin bất kỳ có chứa thành phần ho gà mà không xác định được nguyên nhân nào khác.
Thận trọng khi sử dụng:
Hoãn việc sử dụng vắc xin khi có sốt cao hoặc các bệnh cấp tính.
Không nên tiêm bắp cho những người bị các rối loạn chảy máu, như bệnh máu khó đông hoặc giảm tiểu cầu.
Tác dụng không mong muốn:
Đau tại nơi tiêm là phản ứng tại chỗ hay gặp nhất, mệt mỏi ở trẻ em và nhức đầu ở thiếu niên và người lớn, sốt được báo cáo ở dưới 10% số người được tiêm vắc xin.
Phản ứng dị ứng quá mẫn, ngứa, mày đay (hiếm khi xảy ra). 
Tương tác thuốc:
Khi tiêm Adacel cùng với các vắc xin khác cùng buổi tiêm chủng thì phải dùng những bơm tiêm riêng và tiêm ở những vị trí khác nhau và tốt nhất là nên tiêm ở các chi khác nhau.', 2, 30, 1, N'VT000002')
INSERT [dbo].[Vaccines] ([Id], [Contraindication], [Indication], [Number_Of_Injection], [Origin], [Time_Begin_Next_Injection], [Time_End_Next_Injection], [Usage], [Vaccine_Name], [Purchase_Price], [Selling_Price], [Image], [Description], [Required_Injections], [Time_Between_Injections], [Status], [Vaccine_Type_Id]) VALUES (N'VC000032', N'Không', N'Trẻ sơ sinh từ 1 tháng tuổi', 100, N'Pháp', CAST(N'2025-02-01' AS Date), CAST(N'2026-02-28' AS Date), N'Tiêm bắp', N'InfantShield', 110000, 170000, N'/Uploads/Vaccine/e2ff8251-abb2-43f6-853a-534be8fa9a83.png', N'Bảo vệ sức khỏe trẻ nhỏ trước các bệnh nguy hiểm. Chống chỉ định:
Người quá mẫn với thành phần của vắc xin.
Bệnh lý não (ví dụ hôn mê, giảm tri giác, co giật kéo dài) xảy ra trong vòng 7 ngày sau khi tiêm một liều vắc xin bất kỳ có chứa thành phần ho gà mà không xác định được nguyên nhân nào khác.
Thận trọng khi sử dụng:
Hoãn việc sử dụng vắc xin khi có sốt cao hoặc các bệnh cấp tính.
Không nên tiêm bắp cho những người bị các rối loạn chảy máu, như bệnh máu khó đông hoặc giảm tiểu cầu.
Tác dụng không mong muốn:
Đau tại nơi tiêm là phản ứng tại chỗ hay gặp nhất, mệt mỏi ở trẻ em và nhức đầu ở thiếu niên và người lớn, sốt được báo cáo ở dưới 10% số người được tiêm vắc xin.
Phản ứng dị ứng quá mẫn, ngứa, mày đay (hiếm khi xảy ra). 
Tương tác thuốc:
Khi tiêm Adacel cùng với các vắc xin khác cùng buổi tiêm chủng thì phải dùng những bơm tiêm riêng và tiêm ở những vị trí khác nhau và tốt nhất là nên tiêm ở các chi khác nhau.', 1, 20, 1, N'VT000002')
INSERT [dbo].[Vaccines] ([Id], [Contraindication], [Indication], [Number_Of_Injection], [Origin], [Time_Begin_Next_Injection], [Time_End_Next_Injection], [Usage], [Vaccine_Name], [Purchase_Price], [Selling_Price], [Image], [Description], [Required_Injections], [Time_Between_Injections], [Status], [Vaccine_Type_Id]) VALUES (N'VC000033', N'Không', N'Trẻ em từ 2-4 tuổi', 1, N'Mỹ', CAST(N'2025-03-01' AS Date), CAST(N'2026-03-15' AS Date), N'Vắc-xin uống', N'ChildProtect', 100000, 150000, N'/Uploads/Vaccine/31366980-72ca-42d7-a191-0b223df1abdf.png', N'Phòng ngừa cúm và bệnh đường hô hấp ở trẻ nhỏ. Chống chỉ định:
Người quá mẫn với thành phần của vắc xin.
Bệnh lý não (ví dụ hôn mê, giảm tri giác, co giật kéo dài) xảy ra trong vòng 7 ngày sau khi tiêm một liều vắc xin bất kỳ có chứa thành phần ho gà mà không xác định được nguyên nhân nào khác.
Thận trọng khi sử dụng:
Hoãn việc sử dụng vắc xin khi có sốt cao hoặc các bệnh cấp tính.
Không nên tiêm bắp cho những người bị các rối loạn chảy máu, như bệnh máu khó đông hoặc giảm tiểu cầu.
Tác dụng không mong muốn:
Đau tại nơi tiêm là phản ứng tại chỗ hay gặp nhất, mệt mỏi ở trẻ em và nhức đầu ở thiếu niên và người lớn, sốt được báo cáo ở dưới 10% số người được tiêm vắc xin.
Phản ứng dị ứng quá mẫn, ngứa, mày đay (hiếm khi xảy ra). 
Tương tác thuốc:
Khi tiêm Adacel cùng với các vắc xin khác cùng buổi tiêm chủng thì phải dùng những bơm tiêm riêng và tiêm ở những vị trí khác nhau và tốt nhất là nên tiêm ở các chi khác nhau.', 1, 15, 1, N'VT000002')
INSERT [dbo].[Vaccines] ([Id], [Contraindication], [Indication], [Number_Of_Injection], [Origin], [Time_Begin_Next_Injection], [Time_End_Next_Injection], [Usage], [Vaccine_Name], [Purchase_Price], [Selling_Price], [Image], [Description], [Required_Injections], [Time_Between_Injections], [Status], [Vaccine_Type_Id]) VALUES (N'VC000034', N'Dị ứng protein sữa', N'Trẻ em dưới 6 tuổi', 200, N'Pháp', CAST(N'2025-04-01' AS Date), CAST(N'2026-04-20' AS Date), N'Tiêm dưới da', N'HealthyStart', 140000, 200000, N'/Uploads/Vaccine/eb5896fe-d237-43f0-8f5f-118f9565c4a5.png', N'HealthyStart cho khởi đầu khỏe mạnh của trẻ. Chống chỉ định:
Người quá mẫn với thành phần của vắc xin.
Bệnh lý não (ví dụ hôn mê, giảm tri giác, co giật kéo dài) xảy ra trong vòng 7 ngày sau khi tiêm một liều vắc xin bất kỳ có chứa thành phần ho gà mà không xác định được nguyên nhân nào khác.
Thận trọng khi sử dụng:
Hoãn việc sử dụng vắc xin khi có sốt cao hoặc các bệnh cấp tính.
Không nên tiêm bắp cho những người bị các rối loạn chảy máu, như bệnh máu khó đông hoặc giảm tiểu cầu.
Tác dụng không mong muốn:
Đau tại nơi tiêm là phản ứng tại chỗ hay gặp nhất, mệt mỏi ở trẻ em và nhức đầu ở thiếu niên và người lớn, sốt được báo cáo ở dưới 10% số người được tiêm vắc xin.
Phản ứng dị ứng quá mẫn, ngứa, mày đay (hiếm khi xảy ra). 
Tương tác thuốc:
Khi tiêm Adacel cùng với các vắc xin khác cùng buổi tiêm chủng thì phải dùng những bơm tiêm riêng và tiêm ở những vị trí khác nhau và tốt nhất là nên tiêm ở các chi khác nhau.', 2, 30, 1, N'VT000002')
INSERT [dbo].[Vaccines] ([Id], [Contraindication], [Indication], [Number_Of_Injection], [Origin], [Time_Begin_Next_Injection], [Time_End_Next_Injection], [Usage], [Vaccine_Name], [Purchase_Price], [Selling_Price], [Image], [Description], [Required_Injections], [Time_Between_Injections], [Status], [Vaccine_Type_Id]) VALUES (N'VC000035', N'Không', N'Người lớn trên 50 tuổi', 110, N'Ấn Độ', CAST(N'2025-05-01' AS Date), CAST(N'2026-05-15' AS Date), N'Tiêm bắp', N'SeniorGuard', 125000, 180000, N'/Uploads/Vaccine/1e036b30-46fd-4915-be30-e511e53ccbfc.png', N'Dành riêng cho người lớn tuổi, bảo vệ toàn diện. Chống chỉ định:
Người quá mẫn với thành phần của vắc xin.
Bệnh lý não (ví dụ hôn mê, giảm tri giác, co giật kéo dài) xảy ra trong vòng 7 ngày sau khi tiêm một liều vắc xin bất kỳ có chứa thành phần ho gà mà không xác định được nguyên nhân nào khác.
Thận trọng khi sử dụng:
Hoãn việc sử dụng vắc xin khi có sốt cao hoặc các bệnh cấp tính.
Không nên tiêm bắp cho những người bị các rối loạn chảy máu, như bệnh máu khó đông hoặc giảm tiểu cầu.
Tác dụng không mong muốn:
Đau tại nơi tiêm là phản ứng tại chỗ hay gặp nhất, mệt mỏi ở trẻ em và nhức đầu ở thiếu niên và người lớn, sốt được báo cáo ở dưới 10% số người được tiêm vắc xin.
Phản ứng dị ứng quá mẫn, ngứa, mày đay (hiếm khi xảy ra). 
Tương tác thuốc:
Khi tiêm Adacel cùng với các vắc xin khác cùng buổi tiêm chủng thì phải dùng những bơm tiêm riêng và tiêm ở những vị trí khác nhau và tốt nhất là nên tiêm ở các chi khác nhau.', 1, 25, 1, N'VT000002')
INSERT [dbo].[Vaccines] ([Id], [Contraindication], [Indication], [Number_Of_Injection], [Origin], [Time_Begin_Next_Injection], [Time_End_Next_Injection], [Usage], [Vaccine_Name], [Purchase_Price], [Selling_Price], [Image], [Description], [Required_Injections], [Time_Between_Injections], [Status], [Vaccine_Type_Id]) VALUES (N'VC000036', N'Dị ứng với kháng sinh', N'Trẻ em từ 6-12 tháng tuổi', 1, N'Việt Nam', CAST(N'2024-07-01' AS Date), CAST(N'2025-07-15' AS Date), N'Tiêm bắp', N'Ivacflu-X', 95000, 130000, N'/Uploads/Vaccine/4bac6ca8-9e60-4313-a68a-fe23b8feacce.png', N'Ivacflu-X là vắc-xin phòng cúm có hiệu quả cao ở trẻ nhỏ.', 1, 240, 1, N'VT000006')
INSERT [dbo].[Vaccines] ([Id], [Contraindication], [Indication], [Number_Of_Injection], [Origin], [Time_Begin_Next_Injection], [Time_End_Next_Injection], [Usage], [Vaccine_Name], [Purchase_Price], [Selling_Price], [Image], [Description], [Required_Injections], [Time_Between_Injections], [Status], [Vaccine_Type_Id]) VALUES (N'VC000037', N'Không', N'Người lớn trên 50 tuổi', 170, N'Việt Nam', CAST(N'2024-08-01' AS Date), CAST(N'2025-08-20' AS Date), N'Tiêm bắp', N'Ivacshield', 100000, 140000, N'/Uploads/Vaccine/0256d515-c747-4a57-9a37-7ddbcbb0fd4d.png', N'Ivacshield là vắc-xin được khuyến nghị cho người lớn tuổi phòng cúm.', 1, 15, 1, N'VT000006')
INSERT [dbo].[Vaccines] ([Id], [Contraindication], [Indication], [Number_Of_Injection], [Origin], [Time_Begin_Next_Injection], [Time_End_Next_Injection], [Usage], [Vaccine_Name], [Purchase_Price], [Selling_Price], [Image], [Description], [Required_Injections], [Time_Between_Injections], [Status], [Vaccine_Type_Id]) VALUES (N'VC000038', N'Hen suyễn', N'Nhân viên y tế', 2, N'Việt Nam', CAST(N'2024-09-10' AS Date), CAST(N'2025-09-25' AS Date), N'Tiêm bắp', N'Fluvivax', 105000, 145000, N'/Uploads/Vaccine/73c4e1cb-ffb6-459c-96fd-fcce36b667b8.png', N'Fluvivax mang lại khả năng bảo vệ cao đối với các chủng cúm mùa.', 2, 30, 1, N'VT000006')
INSERT [dbo].[Vaccines] ([Id], [Contraindication], [Indication], [Number_Of_Injection], [Origin], [Time_Begin_Next_Injection], [Time_End_Next_Injection], [Usage], [Vaccine_Name], [Purchase_Price], [Selling_Price], [Image], [Description], [Required_Injections], [Time_Between_Injections], [Status], [Vaccine_Type_Id]) VALUES (N'VC000039', N'Không', N'Trẻ sơ sinh dưới 6 tháng tuổi', 1, N'Việt Nam', CAST(N'2024-10-15' AS Date), CAST(N'2025-10-30' AS Date), N'Tiêm bắp', N'FluLite', 85000, 120000, N'/Uploads/Vaccine/aeb06626-3767-4902-bedb-a3830861c0f3.png', N'FluLite là vắc-xin nhẹ dành cho trẻ sơ sinh với khả năng bảo vệ dịu nhẹ.', 1, 10, 1, N'VT000006')
INSERT [dbo].[Vaccines] ([Id], [Contraindication], [Indication], [Number_Of_Injection], [Origin], [Time_Begin_Next_Injection], [Time_End_Next_Injection], [Usage], [Vaccine_Name], [Purchase_Price], [Selling_Price], [Image], [Description], [Required_Injections], [Time_Between_Injections], [Status], [Vaccine_Type_Id]) VALUES (N'VC000040', N'Dị ứng với protein động vật', N'Trẻ em từ 1-3 tuổi', 1, N'Việt Nam', CAST(N'2024-11-20' AS Date), CAST(N'2025-11-25' AS Date), N'Tiêm bắp', N'IvacUltra', 120000, 160000, N'/Uploads/Vaccine/935a41d2-d63f-4a61-9d5c-5d9fdf09c2c8.png', N'IvacUltra là một giải pháp tối ưu cho trẻ em phòng ngừa cúm nặng.', 1, 15, 1, N'VT000006')
INSERT [dbo].[Vaccines] ([Id], [Contraindication], [Indication], [Number_Of_Injection], [Origin], [Time_Begin_Next_Injection], [Time_End_Next_Injection], [Usage], [Vaccine_Name], [Purchase_Price], [Selling_Price], [Image], [Description], [Required_Injections], [Time_Between_Injections], [Status], [Vaccine_Type_Id]) VALUES (N'VC000041', N'Dị ứng với gelatin', N'Người trên 60 tuổi', 1, N'Anh', CAST(N'2024-08-01' AS Date), CAST(N'2025-08-10' AS Date), N'Tiêm bắp', N'FluQuad Senior', 105000, 135000, N'/Uploads/Vaccine/befe8dae-f5cd-40e9-8498-e8bbc0aa9fb5.png', N'FluQuad Senior là vắc-xin dành riêng cho người cao tuổi chống lại virus cúm mùa.', 1, 12, 1, N'VT000007')
INSERT [dbo].[Vaccines] ([Id], [Contraindication], [Indication], [Number_Of_Injection], [Origin], [Time_Begin_Next_Injection], [Time_End_Next_Injection], [Usage], [Vaccine_Name], [Purchase_Price], [Selling_Price], [Image], [Description], [Required_Injections], [Time_Between_Injections], [Status], [Vaccine_Type_Id]) VALUES (N'VC000042', N'Không', N'Người lớn từ 18 tuổi', 1, N'Mỹ', CAST(N'2024-09-01' AS Date), CAST(N'2025-09-20' AS Date), N'Tiêm bắp', N'FluQuad Adult', 110000, 140000, N'/Uploads/Vaccine/ee067abb-aca6-4c14-8ad0-935f7a835779.png', N'FluQuad Adult hiệu quả trong phòng ngừa cúm mùa.', 1, 15, 1, N'VT000007')
INSERT [dbo].[Vaccines] ([Id], [Contraindication], [Indication], [Number_Of_Injection], [Origin], [Time_Begin_Next_Injection], [Time_End_Next_Injection], [Usage], [Vaccine_Name], [Purchase_Price], [Selling_Price], [Image], [Description], [Required_Injections], [Time_Between_Injections], [Status], [Vaccine_Type_Id]) VALUES (N'VC000043', N'Không', N'Người lớn từ 50 tuổi', 1, N'Pháp', CAST(N'2024-10-01' AS Date), CAST(N'2025-10-15' AS Date), N'Tiêm bắp', N'FluQuad Plus', 120000, 150000, N'/Uploads/Vaccine/030a44b2-e02b-49da-b176-c9e4ade09d48.png', N'FluQuad Plus được khuyến cáo cho nhóm người trưởng thành từ 50 tuổi trở lên.', 1, 12, 1, N'VT000007')
INSERT [dbo].[Vaccines] ([Id], [Contraindication], [Indication], [Number_Of_Injection], [Origin], [Time_Begin_Next_Injection], [Time_End_Next_Injection], [Usage], [Vaccine_Name], [Purchase_Price], [Selling_Price], [Image], [Description], [Required_Injections], [Time_Between_Injections], [Status], [Vaccine_Type_Id]) VALUES (N'VC000044', N'Không', N'Trẻ em từ 6 tháng', 2, N'Canada', CAST(N'2024-11-01' AS Date), CAST(N'2025-11-15' AS Date), N'Tiêm bắp', N'FluQuad Junior', 95000, 125000, N'/Uploads/Vaccine/2e2f8603-71c1-41e0-b943-ede07a9dbb34.png', N'FluQuad Junior phù hợp với trẻ em từ 6 tháng tuổi.', 2, 12, 1, N'VT000007')
INSERT [dbo].[Vaccines] ([Id], [Contraindication], [Indication], [Number_Of_Injection], [Origin], [Time_Begin_Next_Injection], [Time_End_Next_Injection], [Usage], [Vaccine_Name], [Purchase_Price], [Selling_Price], [Image], [Description], [Required_Injections], [Time_Between_Injections], [Status], [Vaccine_Type_Id]) VALUES (N'VC000045', N'Không', N'Phụ nữ mang thai', 1, N'Hàn Quốc', CAST(N'2024-12-01' AS Date), CAST(N'2025-12-20' AS Date), N'Tiêm bắp', N'FluQuad Prenatal', 115000, 145000, N'/Uploads/Vaccine/36964ecb-f840-4cf9-8312-723a10620555.png', N'FluQuad Prenatal dành cho phụ nữ mang thai, bảo vệ cả mẹ và thai nhi.', 1, 12, 1, N'VT000007')
INSERT [dbo].[Vaccines] ([Id], [Contraindication], [Indication], [Number_Of_Injection], [Origin], [Time_Begin_Next_Injection], [Time_End_Next_Injection], [Usage], [Vaccine_Name], [Purchase_Price], [Selling_Price], [Image], [Description], [Required_Injections], [Time_Between_Injections], [Status], [Vaccine_Type_Id]) VALUES (N'VC000046', N'Dị ứng với nấm men', N'Phụ nữ từ 9-45 tuổi', 3, N'Mỹ', CAST(N'2024-10-01' AS Date), CAST(N'2026-10-10' AS Date), N'Tiêm bắp', N'Gardasil 9', 1300000, 1500000, N'/Uploads/Vaccine/4e4296dd-2e92-43c4-9e4d-3df260e60e78.png', N'Gardasil 9 giúp ngăn ngừa nhiễm trùng HPV liên quan đến ung thư cổ tử cung.', 3, 60, 1, N'VT000008')
INSERT [dbo].[Vaccines] ([Id], [Contraindication], [Indication], [Number_Of_Injection], [Origin], [Time_Begin_Next_Injection], [Time_End_Next_Injection], [Usage], [Vaccine_Name], [Purchase_Price], [Selling_Price], [Image], [Description], [Required_Injections], [Time_Between_Injections], [Status], [Vaccine_Type_Id]) VALUES (N'VC000047', N'Dị ứng với latex', N'Nam giới từ 9-26 tuổi', 2, N'Hà Lan', CAST(N'2024-11-01' AS Date), CAST(N'2025-11-15' AS Date), N'Tiêm bắp', N'Cervarix', 1200000, 1400000, N'/Uploads/Vaccine/70ce66ea-1b67-4013-90e9-445db81bb035.png', N'Cervarix hiệu quả trong việc bảo vệ khỏi virus HPV.', 2, 30, 1, N'VT000008')
INSERT [dbo].[Vaccines] ([Id], [Contraindication], [Indication], [Number_Of_Injection], [Origin], [Time_Begin_Next_Injection], [Time_End_Next_Injection], [Usage], [Vaccine_Name], [Purchase_Price], [Selling_Price], [Image], [Description], [Required_Injections], [Time_Between_Injections], [Status], [Vaccine_Type_Id]) VALUES (N'VC000048', N'Dị ứng với protein trứng', N'Người từ 9-45 tuổi', 3, N'Nhật Bản', CAST(N'2024-12-01' AS Date), CAST(N'2026-12-10' AS Date), N'Tiêm bắp', N'HPV Shield', 1350000, 1550000, N'/Uploads/Vaccine/308ea5bc-41ae-4c02-8b03-1f86b33c6f7a.png', N'HPV Shield được thiết kế để bảo vệ chống lại các chủng virus HPV nguy hiểm.', 3, 60, 1, N'VT000008')
INSERT [dbo].[Vaccines] ([Id], [Contraindication], [Indication], [Number_Of_Injection], [Origin], [Time_Begin_Next_Injection], [Time_End_Next_Injection], [Usage], [Vaccine_Name], [Purchase_Price], [Selling_Price], [Image], [Description], [Required_Injections], [Time_Between_Injections], [Status], [Vaccine_Type_Id]) VALUES (N'VC000049', N'Dị ứng với latex', N'Phụ nữ từ 10-25 tuổi', 2, N'Hàn Quốc', CAST(N'2025-01-01' AS Date), CAST(N'2025-12-31' AS Date), N'Tiêm bắp', N'HPV Guard', 1250000, 1450000, N'/Uploads/Vaccine/34426b39-75b3-4a6f-8f9d-298bcc46146b.png', N'HPV Guard là một lựa chọn hiệu quả cho bảo vệ khỏi HPV.', 2, 30, 1, N'VT000008')
INSERT [dbo].[Vaccines] ([Id], [Contraindication], [Indication], [Number_Of_Injection], [Origin], [Time_Begin_Next_Injection], [Time_End_Next_Injection], [Usage], [Vaccine_Name], [Purchase_Price], [Selling_Price], [Image], [Description], [Required_Injections], [Time_Between_Injections], [Status], [Vaccine_Type_Id]) VALUES (N'VC000050', N'Không', N'Người từ 9 tuổi trở lên', 2, N'Ấn Độ', CAST(N'2024-10-15' AS Date), CAST(N'2025-10-15' AS Date), N'Tiêm bắp', N'HPVac', 1100000, 1350000, N'/Uploads/Vaccine/ebaae5a7-7739-42d6-b726-b64b5c8485bb.png', N'HPVac là vắc-xin giá cả hợp lý và hiệu quả trong bảo vệ khỏi HPV.', 2, 30, 1, N'VT000008')
INSERT [dbo].[Vaccines] ([Id], [Contraindication], [Indication], [Number_Of_Injection], [Origin], [Time_Begin_Next_Injection], [Time_End_Next_Injection], [Usage], [Vaccine_Name], [Purchase_Price], [Selling_Price], [Image], [Description], [Required_Injections], [Time_Between_Injections], [Status], [Vaccine_Type_Id]) VALUES (N'VC000051', N'Không', N'Trẻ em dưới 7 tuổi', 3, N'Mỹ', CAST(N'2024-07-01' AS Date), CAST(N'2026-07-10' AS Date), N'Tiêm bắp', N'Daptacel', 50000, 80000, N'/Uploads/Vaccine/99c29c1f-52d8-47fa-a34b-ee5ff785ac33.png', N'Daptacel là vắc-xin DTP với hiệu quả cao phòng ngừa ho gà, uốn ván và bạch hầu.', 3, 60, 1, N'VT000009')
INSERT [dbo].[Vaccines] ([Id], [Contraindication], [Indication], [Number_Of_Injection], [Origin], [Time_Begin_Next_Injection], [Time_End_Next_Injection], [Usage], [Vaccine_Name], [Purchase_Price], [Selling_Price], [Image], [Description], [Required_Injections], [Time_Between_Injections], [Status], [Vaccine_Type_Id]) VALUES (N'VC000052', N'Không', N'Trẻ em từ 2 tháng tuổi', 3, N'Pháp', CAST(N'2024-08-01' AS Date), CAST(N'2026-08-15' AS Date), N'Tiêm bắp', N'Infanrix', 55000, 85000, N'/Uploads/Vaccine/b2e93464-37ed-467f-9eb9-2bdb1f7daf5e.png', N'Infanrix được khuyến cáo sử dụng trong chương trình tiêm chủng quốc gia.', 3, 60, 1, N'VT000009')
INSERT [dbo].[Vaccines] ([Id], [Contraindication], [Indication], [Number_Of_Injection], [Origin], [Time_Begin_Next_Injection], [Time_End_Next_Injection], [Usage], [Vaccine_Name], [Purchase_Price], [Selling_Price], [Image], [Description], [Required_Injections], [Time_Between_Injections], [Status], [Vaccine_Type_Id]) VALUES (N'VC000053', N'Dị ứng với protein sữa', N'Trẻ em dưới 5 tuổi', 3, N'Canada', CAST(N'2024-09-01' AS Date), CAST(N'2026-09-10' AS Date), N'Tiêm bắp', N'Tripedia', 52000, 82000, N'/Uploads/Vaccine/1b1f9049-e378-48a9-a355-612d3cd24821.png', N'Tripedia là vắc-xin DTP an toàn và hiệu quả.', 3, 60, 1, N'VT000009')
INSERT [dbo].[Vaccines] ([Id], [Contraindication], [Indication], [Number_Of_Injection], [Origin], [Time_Begin_Next_Injection], [Time_End_Next_Injection], [Usage], [Vaccine_Name], [Purchase_Price], [Selling_Price], [Image], [Description], [Required_Injections], [Time_Between_Injections], [Status], [Vaccine_Type_Id]) VALUES (N'VC000054', N'Không', N'Trẻ sơ sinh từ 6 tuần tuổi', 3, N'Nhật Bản', CAST(N'2024-10-01' AS Date), CAST(N'2026-10-15' AS Date), N'Tiêm bắp', N'Boostrix', 60000, 90000, N'/Uploads/Vaccine/9ea51d29-af97-4c11-a1cd-c605892e0285.png', N'Boostrix là một phần của lịch tiêm chủng mở rộng.', 3, 60, 1, N'VT000009')
INSERT [dbo].[Vaccines] ([Id], [Contraindication], [Indication], [Number_Of_Injection], [Origin], [Time_Begin_Next_Injection], [Time_End_Next_Injection], [Usage], [Vaccine_Name], [Purchase_Price], [Selling_Price], [Image], [Description], [Required_Injections], [Time_Between_Injections], [Status], [Vaccine_Type_Id]) VALUES (N'VC000055', N'Dị ứng với nấm men', N'Trẻ em dưới 1 tuổi', 3, N'Hàn Quốc', CAST(N'2024-11-01' AS Date), CAST(N'2026-11-20' AS Date), N'Tiêm bắp', N'Adacel', 58000, 88000, N'/Uploads/Vaccine/7c654012-2e56-4774-a7fd-ed33c02961d7.png', N'Adacel cung cấp miễn dịch dài hạn chống lại bệnh ho gà, uốn ván và bạch hầu.', 3, 60, 1, N'VT000009')
INSERT [dbo].[Vaccines] ([Id], [Contraindication], [Indication], [Number_Of_Injection], [Origin], [Time_Begin_Next_Injection], [Time_End_Next_Injection], [Usage], [Vaccine_Name], [Purchase_Price], [Selling_Price], [Image], [Description], [Required_Injections], [Time_Between_Injections], [Status], [Vaccine_Type_Id]) VALUES (N'VC000056', N'Không', N'Trẻ sơ sinh dưới 1 tuổi', 4, N'Nhật Bản', CAST(N'2024-09-01' AS Date), CAST(N'2026-09-10' AS Date), N'Tiêm bắp', N'Hexaxim', 1100000, 1400000, N'/Uploads/Vaccine/1776100c-965e-4473-a3aa-9c241eac7fbf.png', N'Hexaxim là vắc-xin phối hợp bảo vệ khỏi 6 bệnh truyền nhiễm.', 4, 45, 1, N'VT000010')
INSERT [dbo].[Vaccines] ([Id], [Contraindication], [Indication], [Number_Of_Injection], [Origin], [Time_Begin_Next_Injection], [Time_End_Next_Injection], [Usage], [Vaccine_Name], [Purchase_Price], [Selling_Price], [Image], [Description], [Required_Injections], [Time_Between_Injections], [Status], [Vaccine_Type_Id]) VALUES (N'VC000057', N'Không', N'Trẻ em từ 1-5 tuổi', 3, N'Mỹ', CAST(N'2024-10-01' AS Date), CAST(N'2025-10-20' AS Date), N'Tiêm bắp', N'Pentacel', 1000000, 1300000, N'/Uploads/Vaccine/877783c0-191d-4a3a-9fcc-62d305223cb1.png', N'Pentacel bảo vệ khỏi 5 bệnh bao gồm bạch hầu, ho gà, và bại liệt.', 3, 60, 1, N'VT000010')
INSERT [dbo].[Vaccines] ([Id], [Contraindication], [Indication], [Number_Of_Injection], [Origin], [Time_Begin_Next_Injection], [Time_End_Next_Injection], [Usage], [Vaccine_Name], [Purchase_Price], [Selling_Price], [Image], [Description], [Required_Injections], [Time_Between_Injections], [Status], [Vaccine_Type_Id]) VALUES (N'VC000058', N'Dị ứng với latex', N'Trẻ từ 6 tuần đến 2 tuổi', 3, N'Hà Lan', CAST(N'2024-11-01' AS Date), CAST(N'2026-11-10' AS Date), N'Tiêm bắp', N'Comvax', 1200000, 1500000, N'/Uploads/Vaccine/602afaf4-b86a-440c-8246-7b92269803c8.png', N'Comvax cung cấp miễn dịch rộng rãi cho trẻ nhỏ.', 3, 45, 1, N'VT000010')
INSERT [dbo].[Vaccines] ([Id], [Contraindication], [Indication], [Number_Of_Injection], [Origin], [Time_Begin_Next_Injection], [Time_End_Next_Injection], [Usage], [Vaccine_Name], [Purchase_Price], [Selling_Price], [Image], [Description], [Required_Injections], [Time_Between_Injections], [Status], [Vaccine_Type_Id]) VALUES (N'VC000059', N'Không', N'Trẻ sơ sinh dưới 1 tuổi', 4, N'Ấn Độ', CAST(N'2024-12-01' AS Date), CAST(N'2026-12-10' AS Date), N'Tiêm bắp', N'Polivax', 900000, 1200000, N'/Uploads/Vaccine/cdc5cc0f-3951-4245-8ecd-8ca7f615d064.png', N'Polivax là vắc-xin phổ biến chống lại bại liệt.', 4, 30, 1, N'VT000010')
INSERT [dbo].[Vaccines] ([Id], [Contraindication], [Indication], [Number_Of_Injection], [Origin], [Time_Begin_Next_Injection], [Time_End_Next_Injection], [Usage], [Vaccine_Name], [Purchase_Price], [Selling_Price], [Image], [Description], [Required_Injections], [Time_Between_Injections], [Status], [Vaccine_Type_Id]) VALUES (N'VC000060', N'Dị ứng với protein sữa', N'Trẻ em từ 1-6 tuổi', 3, N'Hàn Quốc', CAST(N'2025-01-01' AS Date), CAST(N'2025-12-31' AS Date), N'Tiêm bắp', N'Tetraxim', 950000, 1250000, N'/Uploads/Vaccine/e469f3a4-8543-42cb-8113-136ffd4f16ea.png', N'Tetraxim bảo vệ khỏi 4 bệnh nguy hiểm: bạch hầu, uốn ván, ho gà, và bại liệt.', 3, 45, 1, N'VT000010')
INSERT [dbo].[Vaccines] ([Id], [Contraindication], [Indication], [Number_Of_Injection], [Origin], [Time_Begin_Next_Injection], [Time_End_Next_Injection], [Usage], [Vaccine_Name], [Purchase_Price], [Selling_Price], [Image], [Description], [Required_Injections], [Time_Between_Injections], [Status], [Vaccine_Type_Id]) VALUES (N'VC000061', N'Dị ứng với gelatin', N'Trẻ em từ 6 tháng đến 12 tuổi', 1, N'Pháp', CAST(N'2024-11-01' AS Date), CAST(N'2026-04-10' AS Date), N'Tiêm bắp', N'FluMaster Junior', 125000, 195000, N'/Uploads/Vaccine/d5ebfeff-5a36-4d43-bfa8-bac72cf9c833.png', N'FluMaster Junior là vắc-xin phòng ngừa cúm mùa với hiệu quả bảo vệ cao. Được sản xuất bằng công nghệ tiên tiến, vắc-xin này giúp bảo vệ trẻ em khỏi hai chủng cúm A và hai chủng cúm B phổ biến nhất hiện nay. Đặc biệt, FluMaster Junior được thiết kế với hàm lượng kháng nguyên thấp, đảm bảo an toàn cho trẻ nhỏ. Thận trọng khi sử dụng: 
Đối tượng đang sốt cao cấp tính (hoãn tiêm cho đến khi trẻ hết sốt).
Trẻ bị rối loạn thần kinh tiến triển bao gồm chứng co thắt, động kinh không kiểm soát hoặc bệnh não tiến triển (hoãn tiêm cho đến khi bệnh khỏi hoặc ổn định, hoặc cân nhắc nguy cơ/lợi ích).
Cân nhắc sử dụng đối với trường hợp sau tiêm chủng vắc xin có thành phần ho gà trong vòng 48 giờ có biểu hiện sốt, quấy khóc…
Tác dụng không mong muốn:
Trẻ em 4-9 tuổi: Có thể chán ăn, ngủ gà gật, nhạy cảm chỗ tiêm, sốt, nôn, tiêu chảy.
Người lớn, thanh thiếu niên và trẻ em ≥10 tuổi: Có thể đau đầu, nhạy cảm chỗ tiêm, mệt mỏi, khó chịu chóng mặt; buồn nôn, rối loạn tiêu hóa.
Tương tác thuốc:
Nếu đang dùng thuốc hoặc muốn tiêm cùng với các vắc xin khác vào cùng một thời điểm, hãy hỏi ý kiến của bác sĩ hoặc dược sĩ.
Bảo quản:
Vắc xin được bảo quản ở nhiệt độ từ 2 đến 8 độ C. Không được để đông băng.', 1, 30, 1, N'VT000001')
INSERT [dbo].[Vaccines] ([Id], [Contraindication], [Indication], [Number_Of_Injection], [Origin], [Time_Begin_Next_Injection], [Time_End_Next_Injection], [Usage], [Vaccine_Name], [Purchase_Price], [Selling_Price], [Image], [Description], [Required_Injections], [Time_Between_Injections], [Status], [Vaccine_Type_Id]) VALUES (N'VC000062', N'Dị ứng với protein trứng', N'Người lớn trên 18 tuổi', 1, N'Mỹ', CAST(N'2025-01-01' AS Date), CAST(N'2026-06-30' AS Date), N'Tiêm bắp', N'FluShield Adult', 135000, 205000, N'/Uploads/Vaccine/53941433-2e93-48ed-84a5-67092899b0ba.png', N'FluShield Adult là dòng vắc-xin được phát triển đặc biệt cho người trưởng thành, giúp tăng cường hệ miễn dịch để chống lại virus cúm. Vắc-xin này đã được kiểm nghiệm lâm sàng trên hơn 10,000 người, cho thấy hiệu quả 95% trong việc ngăn ngừa bệnh cúm mùa. FluShield Adult cũng được bổ sung các tá dược tiên tiến, giảm thiểu phản ứng phụ. Thận trọng khi sử dụng: 
Đối tượng đang sốt cao cấp tính (hoãn tiêm cho đến khi trẻ hết sốt).
Trẻ bị rối loạn thần kinh tiến triển bao gồm chứng co thắt, động kinh không kiểm soát hoặc bệnh não tiến triển (hoãn tiêm cho đến khi bệnh khỏi hoặc ổn định, hoặc cân nhắc nguy cơ/lợi ích).
Cân nhắc sử dụng đối với trường hợp sau tiêm chủng vắc xin có thành phần ho gà trong vòng 48 giờ có biểu hiện sốt, quấy khóc…
Tác dụng không mong muốn:
Trẻ em 4-9 tuổi: Có thể chán ăn, ngủ gà gật, nhạy cảm chỗ tiêm, sốt, nôn, tiêu chảy.
Người lớn, thanh thiếu niên và trẻ em ≥10 tuổi: Có thể đau đầu, nhạy cảm chỗ tiêm, mệt mỏi, khó chịu chóng mặt; buồn nôn, rối loạn tiêu hóa.
Tương tác thuốc:
Nếu đang dùng thuốc hoặc muốn tiêm cùng với các vắc xin khác vào cùng một thời điểm, hãy hỏi ý kiến của bác sĩ hoặc dược sĩ.
Bảo quản:
Vắc xin được bảo quản ở nhiệt độ từ 2 đến 8 độ C. Không được để đông băng.', 1, 45, 1, N'VT000001')
INSERT [dbo].[Vaccines] ([Id], [Contraindication], [Indication], [Number_Of_Injection], [Origin], [Time_Begin_Next_Injection], [Time_End_Next_Injection], [Usage], [Vaccine_Name], [Purchase_Price], [Selling_Price], [Image], [Description], [Required_Injections], [Time_Between_Injections], [Status], [Vaccine_Type_Id]) VALUES (N'VC000063', N'Dị ứng với latex', N'Phụ nữ mang thai ở tam cá nguyệt thứ hai', 1, N'Hàn Quốc', CAST(N'2025-02-15' AS Date), CAST(N'2026-08-15' AS Date), N'Tiêm bắp', N'MotherCare Flu', 145000, 215000, N'/Uploads/Vaccine/5a79eb08-ae80-4bac-b2d7-2c5d182a164c.png', N'MotherCare Flu là vắc-xin dành riêng cho phụ nữ mang thai, đảm bảo an toàn cả mẹ và thai nhi. Được phát triển tại Hàn Quốc với công nghệ sinh học hiện đại, vắc-xin này không chỉ bảo vệ mẹ khỏi bệnh cúm mùa mà còn giúp tạo miễn dịch thụ động cho trẻ sơ sinh thông qua nhau thai. Thận trọng khi sử dụng: 
Đối tượng đang sốt cao cấp tính (hoãn tiêm cho đến khi trẻ hết sốt).
Trẻ bị rối loạn thần kinh tiến triển bao gồm chứng co thắt, động kinh không kiểm soát hoặc bệnh não tiến triển (hoãn tiêm cho đến khi bệnh khỏi hoặc ổn định, hoặc cân nhắc nguy cơ/lợi ích).
Cân nhắc sử dụng đối với trường hợp sau tiêm chủng vắc xin có thành phần ho gà trong vòng 48 giờ có biểu hiện sốt, quấy khóc…
Tác dụng không mong muốn:
Trẻ em 4-9 tuổi: Có thể chán ăn, ngủ gà gật, nhạy cảm chỗ tiêm, sốt, nôn, tiêu chảy.
Người lớn, thanh thiếu niên và trẻ em ≥10 tuổi: Có thể đau đầu, nhạy cảm chỗ tiêm, mệt mỏi, khó chịu chóng mặt; buồn nôn, rối loạn tiêu hóa.
Tương tác thuốc:
Nếu đang dùng thuốc hoặc muốn tiêm cùng với các vắc xin khác vào cùng một thời điểm, hãy hỏi ý kiến của bác sĩ hoặc dược sĩ.
Bảo quản:
Vắc xin được bảo quản ở nhiệt độ từ 2 đến 8 độ C. Không được để đông băng.', 1, 30, 1, N'VT000001')
INSERT [dbo].[Vaccines] ([Id], [Contraindication], [Indication], [Number_Of_Injection], [Origin], [Time_Begin_Next_Injection], [Time_End_Next_Injection], [Usage], [Vaccine_Name], [Purchase_Price], [Selling_Price], [Image], [Description], [Required_Injections], [Time_Between_Injections], [Status], [Vaccine_Type_Id]) VALUES (N'VC000064', N'Không', N'Trẻ em từ 1 đến 5 tuổi', 1, N'Canada', CAST(N'2025-03-01' AS Date), CAST(N'2026-09-20' AS Date), N'Tiêm bắp', N'Junior FluGuard', 130000, 200000, N'/Uploads/Vaccine/17ccbb81-fc62-4b2c-826a-92ff3919db05.png', N'Junior FluGuard là vắc-xin dành cho trẻ em nhỏ tuổi với công thức được tối ưu hóa để ngăn ngừa hai chủng cúm A và hai chủng cúm B. Với khả năng kích thích sản xuất kháng thể mạnh mẽ nhưng vẫn giữ mức an toàn cao, Junior FluGuard đã được tổ chức Y tế Thế giới khuyến nghị sử dụng trong chương trình tiêm chủng mở rộng.', 1, 60, 1, N'VT000001')
INSERT [dbo].[Vaccines] ([Id], [Contraindication], [Indication], [Number_Of_Injection], [Origin], [Time_Begin_Next_Injection], [Time_End_Next_Injection], [Usage], [Vaccine_Name], [Purchase_Price], [Selling_Price], [Image], [Description], [Required_Injections], [Time_Between_Injections], [Status], [Vaccine_Type_Id]) VALUES (N'VC000065', N'Dị ứng nặng với protein động vật', N'Người cao tuổi từ 60 tuổi trở lên', 1, N'Anh', CAST(N'2025-04-01' AS Date), CAST(N'2026-10-10' AS Date), N'Tiêm bắp', N'ElderFlu Advanced', 155000, 225000, N'/Uploads/Vaccine/6c6f89e9-15db-4692-9358-532ec2558778.png', N'ElderFlu Advanced là vắc-xin được thiết kế riêng cho người cao tuổi, những người có nguy cơ cao bị biến chứng nặng khi nhiễm cúm. Với công thức đặc biệt, vắc-xin này không chỉ tăng cường miễn dịch mà còn giảm thiểu nguy cơ phản ứng phụ thường gặp ở người lớn tuổi. ElderFlu Advanced đã nhận được nhiều giải thưởng quốc tế về chất lượng và hiệu quả.', 1, 45, 1, N'VT000001')
INSERT [dbo].[Vaccines] ([Id], [Contraindication], [Indication], [Number_Of_Injection], [Origin], [Time_Begin_Next_Injection], [Time_End_Next_Injection], [Usage], [Vaccine_Name], [Purchase_Price], [Selling_Price], [Image], [Description], [Required_Injections], [Time_Between_Injections], [Status], [Vaccine_Type_Id]) VALUES (N'VC000066', N'Dị ứng với kháng sinh', N'Người lớn từ 18 đến 50 tuổi', 130, N'Canada', CAST(N'2025-01-01' AS Date), CAST(N'2026-06-30' AS Date), N'Tiêm bắp', N'PneumoCare Pro', 145000, 210000, N'/Uploads/Vaccine/411e25f7-5f8c-4070-96e9-9e82eac619f7.png', N'PneumoCare Pro là vắc-xin cao cấp giúp ngăn ngừa các bệnh nguy hiểm do vi khuẩn Streptococcus pneumoniae gây ra như viêm phổi, viêm màng não và nhiễm trùng máu. Vắc-xin này được khuyến nghị sử dụng cho người trưởng thành có nguy cơ cao, đảm bảo hiệu quả và độ an toàn tối ưu. Chống chỉ định:
Không được tiêm trong da ở những trường hợp sau: đang điều trị dài ngày bằng các thuốc ức chế miễn dịch (bao gồm cả corticoid), và thuốc Chloroquin; người bị khiếm khuyết miễn dịch; trẻ em hoặc người có vết cắn nặng phần đầu, cổ, hay đến khám trễ sau khi bị vết thương.
Thận trọng khi sử dụng:
Người dị ứng với neomycin. Không tiêm cùng vị trí hay chung bơm tiêm vắc xin và immunoglobulin.
Không được tiêm vắc xin vào trong lòng mạch.
Phụ nữ có thai: hiện chưa có các bằng chứng Verorab gây ảnh hưởng đến thai nhi. Chính vì thế, nếu thai phụ bị chó dại cắn, cần đến ngay các cơ sở y tế để được khám, tư vấn và tiêm vắc xin phòng dại kịp thời. Đây là sự lựa chọn duy nhất để phòng bệnh dại phát cơn và gây nguy hiểm đến tính mạng mẹ bầu.
Phụ nữ cho con bú: bệnh dại là bệnh chết người vì vậy không có hạn chế nào trên phụ nữ cho con bú.
Sử dụng ở trẻ em: bệnh dại là bệnh chết người, không có giới hạn tuổi tác và được sử dụng cho trẻ em ở mọi lứa tuổi
Tác dụng không mong muốn:
Phản ứng tại chỗ tiêm: sưng, đau, đỏ da.
Phản ứng toàn thân: mệt mỏi, đau đầu, có thể sốt, run rẩy, ngất. Có thể đau nhức xương khớp, đau cơ. Rối loạn dạ dày, ruột.
Hiếm gặp sốc phản vệ.', 1, 30, 1, N'VT000002')
INSERT [dbo].[Vaccines] ([Id], [Contraindication], [Indication], [Number_Of_Injection], [Origin], [Time_Begin_Next_Injection], [Time_End_Next_Injection], [Usage], [Vaccine_Name], [Purchase_Price], [Selling_Price], [Image], [Description], [Required_Injections], [Time_Between_Injections], [Status], [Vaccine_Type_Id]) VALUES (N'VC000067', N'Dị ứng với latex', N'Trẻ em từ 1 đến 3 tuổi', 1, N'Úc', CAST(N'2025-02-01' AS Date), CAST(N'2026-07-31' AS Date), N'Tiêm dưới da', N'PneumoJunior', 135000, 195000, N'/Uploads/Vaccine/9d49c709-a0e7-4478-8d0b-13b0c0c9fd2d.png', N'PneumoJunior là dòng vắc-xin chuyên biệt cho trẻ nhỏ, bảo vệ toàn diện trước các chủng vi khuẩn Streptococcus pneumoniae phổ biến. Công thức tiên tiến giúp tăng cường miễn dịch mà vẫn an toàn tuyệt đối cho trẻ nhỏ. Chống chỉ định:
Không được tiêm trong da ở những trường hợp sau: đang điều trị dài ngày bằng các thuốc ức chế miễn dịch (bao gồm cả corticoid), và thuốc Chloroquin; người bị khiếm khuyết miễn dịch; trẻ em hoặc người có vết cắn nặng phần đầu, cổ, hay đến khám trễ sau khi bị vết thương.
Thận trọng khi sử dụng:
Người dị ứng với neomycin. Không tiêm cùng vị trí hay chung bơm tiêm vắc xin và immunoglobulin.
Không được tiêm vắc xin vào trong lòng mạch.
Phụ nữ có thai: hiện chưa có các bằng chứng Verorab gây ảnh hưởng đến thai nhi. Chính vì thế, nếu thai phụ bị chó dại cắn, cần đến ngay các cơ sở y tế để được khám, tư vấn và tiêm vắc xin phòng dại kịp thời. Đây là sự lựa chọn duy nhất để phòng bệnh dại phát cơn và gây nguy hiểm đến tính mạng mẹ bầu.
Phụ nữ cho con bú: bệnh dại là bệnh chết người vì vậy không có hạn chế nào trên phụ nữ cho con bú.
Sử dụng ở trẻ em: bệnh dại là bệnh chết người, không có giới hạn tuổi tác và được sử dụng cho trẻ em ở mọi lứa tuổi
Tác dụng không mong muốn:
Phản ứng tại chỗ tiêm: sưng, đau, đỏ da.
Phản ứng toàn thân: mệt mỏi, đau đầu, có thể sốt, run rẩy, ngất. Có thể đau nhức xương khớp, đau cơ. Rối loạn dạ dày, ruột.
Hiếm gặp sốc phản vệ.', 1, 25, 1, N'VT000002')
INSERT [dbo].[Vaccines] ([Id], [Contraindication], [Indication], [Number_Of_Injection], [Origin], [Time_Begin_Next_Injection], [Time_End_Next_Injection], [Usage], [Vaccine_Name], [Purchase_Price], [Selling_Price], [Image], [Description], [Required_Injections], [Time_Between_Injections], [Status], [Vaccine_Type_Id]) VALUES (N'VC000068', N'Dị ứng với protein động vật', N'Người cao tuổi từ 60 tuổi trở lên', 200, N'Mỹ', CAST(N'2025-03-15' AS Date), CAST(N'2026-09-15' AS Date), N'Tiêm bắp', N'SeniorPneumo Plus', 155000, 225000, N'/Uploads/Vaccine/f59bb1ea-9350-4029-b419-1eaae5832be4.png', N'SeniorPneumo Plus là vắc-xin dành riêng cho người cao tuổi, giúp ngăn ngừa các bệnh nhiễm khuẩn nghiêm trọng do Streptococcus pneumoniae. Sản phẩm đã được chứng minh hiệu quả trong việc giảm tỷ lệ nhập viện và tử vong do viêm phổi. Chống chỉ định:
Không được tiêm trong da ở những trường hợp sau: đang điều trị dài ngày bằng các thuốc ức chế miễn dịch (bao gồm cả corticoid), và thuốc Chloroquin; người bị khiếm khuyết miễn dịch; trẻ em hoặc người có vết cắn nặng phần đầu, cổ, hay đến khám trễ sau khi bị vết thương.
Thận trọng khi sử dụng:
Người dị ứng với neomycin. Không tiêm cùng vị trí hay chung bơm tiêm vắc xin và immunoglobulin.
Không được tiêm vắc xin vào trong lòng mạch.
Phụ nữ có thai: hiện chưa có các bằng chứng Verorab gây ảnh hưởng đến thai nhi. Chính vì thế, nếu thai phụ bị chó dại cắn, cần đến ngay các cơ sở y tế để được khám, tư vấn và tiêm vắc xin phòng dại kịp thời. Đây là sự lựa chọn duy nhất để phòng bệnh dại phát cơn và gây nguy hiểm đến tính mạng mẹ bầu.
Phụ nữ cho con bú: bệnh dại là bệnh chết người vì vậy không có hạn chế nào trên phụ nữ cho con bú.
Sử dụng ở trẻ em: bệnh dại là bệnh chết người, không có giới hạn tuổi tác và được sử dụng cho trẻ em ở mọi lứa tuổi
Tác dụng không mong muốn:
Phản ứng tại chỗ tiêm: sưng, đau, đỏ da.
Phản ứng toàn thân: mệt mỏi, đau đầu, có thể sốt, run rẩy, ngất. Có thể đau nhức xương khớp, đau cơ. Rối loạn dạ dày, ruột.
Hiếm gặp sốc phản vệ.', 2, 60, 1, N'VT000002')
INSERT [dbo].[Vaccines] ([Id], [Contraindication], [Indication], [Number_Of_Injection], [Origin], [Time_Begin_Next_Injection], [Time_End_Next_Injection], [Usage], [Vaccine_Name], [Purchase_Price], [Selling_Price], [Image], [Description], [Required_Injections], [Time_Between_Injections], [Status], [Vaccine_Type_Id]) VALUES (N'VC000069', N'Không', N'Phụ nữ sau sinh', 100, N'Anh', CAST(N'2025-04-01' AS Date), CAST(N'2026-10-10' AS Date), N'Tiêm bắp', N'PneumoMom', 140000, 210000, N'/Uploads/Vaccine/74ee5d51-714d-4eac-ad8f-871f8c0bdc3d.png', N'PneumoMom là vắc-xin được thiết kế đặc biệt cho phụ nữ sau sinh nhằm bảo vệ họ khỏi các bệnh nhiễm khuẩn nguy hiểm. Ngoài việc tạo miễn dịch cá nhân, vắc-xin này còn giảm nguy cơ lây nhiễm vi khuẩn cho trẻ sơ sinh và các thành viên trong gia đình. Chống chỉ định:
Không được tiêm trong da ở những trường hợp sau: đang điều trị dài ngày bằng các thuốc ức chế miễn dịch (bao gồm cả corticoid), và thuốc Chloroquin; người bị khiếm khuyết miễn dịch; trẻ em hoặc người có vết cắn nặng phần đầu, cổ, hay đến khám trễ sau khi bị vết thương.
Thận trọng khi sử dụng:
Người dị ứng với neomycin. Không tiêm cùng vị trí hay chung bơm tiêm vắc xin và immunoglobulin.
Không được tiêm vắc xin vào trong lòng mạch.
Phụ nữ có thai: hiện chưa có các bằng chứng Verorab gây ảnh hưởng đến thai nhi. Chính vì thế, nếu thai phụ bị chó dại cắn, cần đến ngay các cơ sở y tế để được khám, tư vấn và tiêm vắc xin phòng dại kịp thời. Đây là sự lựa chọn duy nhất để phòng bệnh dại phát cơn và gây nguy hiểm đến tính mạng mẹ bầu.
Phụ nữ cho con bú: bệnh dại là bệnh chết người vì vậy không có hạn chế nào trên phụ nữ cho con bú.
Sử dụng ở trẻ em: bệnh dại là bệnh chết người, không có giới hạn tuổi tác và được sử dụng cho trẻ em ở mọi lứa tuổi
Tác dụng không mong muốn:
Phản ứng tại chỗ tiêm: sưng, đau, đỏ da.
Phản ứng toàn thân: mệt mỏi, đau đầu, có thể sốt, run rẩy, ngất. Có thể đau nhức xương khớp, đau cơ. Rối loạn dạ dày, ruột.
Hiếm gặp sốc phản vệ.', 1, 40, 1, N'VT000002')
INSERT [dbo].[Vaccines] ([Id], [Contraindication], [Indication], [Number_Of_Injection], [Origin], [Time_Begin_Next_Injection], [Time_End_Next_Injection], [Usage], [Vaccine_Name], [Purchase_Price], [Selling_Price], [Image], [Description], [Required_Injections], [Time_Between_Injections], [Status], [Vaccine_Type_Id]) VALUES (N'VC000070', N'Dị ứng nặng với thuốc kháng sinh', N'Người trưởng thành có bệnh lý nền', 100, N'Đức', CAST(N'2025-05-01' AS Date), CAST(N'2026-12-01' AS Date), N'Tiêm dưới da', N'PneumoDefender', 150000, 220000, N'/Uploads/Vaccine/247dbcbc-814f-4cba-8789-b799f533669b.png', N'PneumoDefender là vắc-xin tiên tiến giúp bảo vệ người trưởng thành có bệnh lý nền như tiểu đường, cao huyết áp và bệnh phổi mãn tính khỏi các biến chứng nguy hiểm do Streptococcus pneumoniae. Công nghệ sản xuất hiện đại giúp tăng hiệu quả và giảm thiểu tác dụng phụ. Chống chỉ định:
Không được tiêm trong da ở những trường hợp sau: đang điều trị dài ngày bằng các thuốc ức chế miễn dịch (bao gồm cả corticoid), và thuốc Chloroquin; người bị khiếm khuyết miễn dịch; trẻ em hoặc người có vết cắn nặng phần đầu, cổ, hay đến khám trễ sau khi bị vết thương.
Thận trọng khi sử dụng:
Người dị ứng với neomycin. Không tiêm cùng vị trí hay chung bơm tiêm vắc xin và immunoglobulin.
Không được tiêm vắc xin vào trong lòng mạch.
Phụ nữ có thai: hiện chưa có các bằng chứng Verorab gây ảnh hưởng đến thai nhi. Chính vì thế, nếu thai phụ bị chó dại cắn, cần đến ngay các cơ sở y tế để được khám, tư vấn và tiêm vắc xin phòng dại kịp thời. Đây là sự lựa chọn duy nhất để phòng bệnh dại phát cơn và gây nguy hiểm đến tính mạng mẹ bầu.
Phụ nữ cho con bú: bệnh dại là bệnh chết người vì vậy không có hạn chế nào trên phụ nữ cho con bú.
Sử dụng ở trẻ em: bệnh dại là bệnh chết người, không có giới hạn tuổi tác và được sử dụng cho trẻ em ở mọi lứa tuổi
Tác dụng không mong muốn:
Phản ứng tại chỗ tiêm: sưng, đau, đỏ da.
Phản ứng toàn thân: mệt mỏi, đau đầu, có thể sốt, run rẩy, ngất. Có thể đau nhức xương khớp, đau cơ. Rối loạn dạ dày, ruột.
Hiếm gặp sốc phản vệ.', 1, 50, 1, N'VT000002')
INSERT [dbo].[Vaccines] ([Id], [Contraindication], [Indication], [Number_Of_Injection], [Origin], [Time_Begin_Next_Injection], [Time_End_Next_Injection], [Usage], [Vaccine_Name], [Purchase_Price], [Selling_Price], [Image], [Description], [Required_Injections], [Time_Between_Injections], [Status], [Vaccine_Type_Id]) VALUES (N'VC000071', N'Dị ứng nặng với kháng sinh', N'Người lớn từ 18-45 tuổi', 1, N'Mỹ', CAST(N'2025-01-01' AS Date), CAST(N'2026-01-15' AS Date), N'Tiêm bắp', N'PneumoShield Adult', 140000, 210000, N'/Uploads/Vaccine/39738eae-cf7e-4f06-8785-7be4db2ea62e.png', N'PneumoShield Adult là vắc-xin hiệu quả dành cho người lớn từ 18-45 tuổi, giúp ngăn ngừa các bệnh liên quan đến Streptococcus pneumoniae, bao gồm viêm phổi và viêm màng não.', 1, 30, 1, N'VT000003')
INSERT [dbo].[Vaccines] ([Id], [Contraindication], [Indication], [Number_Of_Injection], [Origin], [Time_Begin_Next_Injection], [Time_End_Next_Injection], [Usage], [Vaccine_Name], [Purchase_Price], [Selling_Price], [Image], [Description], [Required_Injections], [Time_Between_Injections], [Status], [Vaccine_Type_Id]) VALUES (N'VC000072', N'Không', N'Trẻ em từ 2-6 tuổi', 1, N'Canada', CAST(N'2025-02-01' AS Date), CAST(N'2026-02-28' AS Date), N'Tiêm bắp', N'PneumoJunior Pro', 125000, 190000, N'/Uploads/Vaccine/da810936-592c-487c-95b6-7c019e34a6d8.png', N'PneumoJunior Pro được thiết kế đặc biệt cho trẻ nhỏ, giúp bảo vệ toàn diện trước các chủng vi khuẩn Streptococcus pneumoniae phổ biến. Vắc-xin này được khuyến nghị trong các chương trình tiêm chủng mở rộng.', 1, 20, 1, N'VT000003')
INSERT [dbo].[Vaccines] ([Id], [Contraindication], [Indication], [Number_Of_Injection], [Origin], [Time_Begin_Next_Injection], [Time_End_Next_Injection], [Usage], [Vaccine_Name], [Purchase_Price], [Selling_Price], [Image], [Description], [Required_Injections], [Time_Between_Injections], [Status], [Vaccine_Type_Id]) VALUES (N'VC000073', N'Dị ứng với protein động vật', N'Người cao tuổi trên 65 tuổi', 2, N'Úc', CAST(N'2025-03-01' AS Date), CAST(N'2026-03-20' AS Date), N'Tiêm dưới da', N'SeniorPneumo Guard', 160000, 240000, N'/Uploads/Vaccine/36f1b297-f4e3-4dce-bf71-e22979a10e1b.png', N'SeniorPneumo Guard là vắc-xin chuyên biệt dành cho người cao tuổi, giúp giảm nguy cơ biến chứng nặng từ các bệnh do vi khuẩn Streptococcus pneumoniae.', 2, 60, 1, N'VT000003')
INSERT [dbo].[Vaccines] ([Id], [Contraindication], [Indication], [Number_Of_Injection], [Origin], [Time_Begin_Next_Injection], [Time_End_Next_Injection], [Usage], [Vaccine_Name], [Purchase_Price], [Selling_Price], [Image], [Description], [Required_Injections], [Time_Between_Injections], [Status], [Vaccine_Type_Id]) VALUES (N'VC000074', N'Không', N'Phụ nữ sau sinh trong vòng 6 tháng', 1, N'Pháp', CAST(N'2025-04-01' AS Date), CAST(N'2026-04-20' AS Date), N'Tiêm bắp', N'PneumoMom Protect', 135000, 200000, N'/Uploads/Vaccine/31e8a4a6-2f93-4405-8b98-da9110bff06d.png', N'PneumoMom Protect là vắc-xin lý tưởng cho phụ nữ sau sinh, giúp bảo vệ sức khỏe mẹ và giảm nguy cơ lây nhiễm vi khuẩn cho trẻ nhỏ.', 1, 40, 1, N'VT000003')
INSERT [dbo].[Vaccines] ([Id], [Contraindication], [Indication], [Number_Of_Injection], [Origin], [Time_Begin_Next_Injection], [Time_End_Next_Injection], [Usage], [Vaccine_Name], [Purchase_Price], [Selling_Price], [Image], [Description], [Required_Injections], [Time_Between_Injections], [Status], [Vaccine_Type_Id]) VALUES (N'VC000075', N'Dị ứng với latex', N'Người trưởng thành mắc bệnh mãn tính', 1, N'Đức', CAST(N'2025-05-01' AS Date), CAST(N'2026-05-30' AS Date), N'Tiêm dưới da', N'PneumoChronic Care', 145000, 215000, N'/Uploads/Vaccine/e35cd4dc-3819-4789-95fa-f2b117dc817f.png', N'PneumoChronic Care là vắc-xin giúp bảo vệ những người mắc các bệnh mãn tính như tiểu đường, bệnh phổi mãn tính và các vấn đề về tim mạch khỏi các bệnh liên quan đến Streptococcus pneumoniae.', 1, 30, 1, N'VT000003')
INSERT [dbo].[Vaccines] ([Id], [Contraindication], [Indication], [Number_Of_Injection], [Origin], [Time_Begin_Next_Injection], [Time_End_Next_Injection], [Usage], [Vaccine_Name], [Purchase_Price], [Selling_Price], [Image], [Description], [Required_Injections], [Time_Between_Injections], [Status], [Vaccine_Type_Id]) VALUES (N'VC000076', N'Không', N'Trẻ em dưới 1 tuổi', 3, N'Nhật Bản', CAST(N'2025-06-01' AS Date), CAST(N'2026-06-15' AS Date), N'Tiêm bắp', N'PneumoBaby Guard', 120000, 180000, N'/Uploads/Vaccine/771b65cd-5d88-447d-8be3-625ac8ddab3f.png', N'PneumoBaby Guard là dòng vắc-xin tiên tiến giúp bảo vệ trẻ sơ sinh khỏi các bệnh nguy hiểm do vi khuẩn Streptococcus pneumoniae.', 3, 50, 1, N'VT000003')
INSERT [dbo].[Vaccines] ([Id], [Contraindication], [Indication], [Number_Of_Injection], [Origin], [Time_Begin_Next_Injection], [Time_End_Next_Injection], [Usage], [Vaccine_Name], [Purchase_Price], [Selling_Price], [Image], [Description], [Required_Injections], [Time_Between_Injections], [Status], [Vaccine_Type_Id]) VALUES (N'VC000077', N'Dị ứng gelatin', N'Người trưởng thành từ 50 tuổi trở lên', 2, N'Hàn Quốc', CAST(N'2025-07-01' AS Date), CAST(N'2026-07-20' AS Date), N'Tiêm bắp', N'PneumoProtect 50+', 155000, 230000, N'/Uploads/Vaccine/0af7450e-63ff-44d7-8706-87911415370d.png', N'PneumoProtect 50+ là vắc-xin đặc biệt dành cho người trưởng thành trên 50 tuổi, giúp giảm nguy cơ mắc viêm phổi và các bệnh do vi khuẩn Streptococcus pneumoniae.', 2, 60, 1, N'VT000003')
GO

-- Sample data for Injection_Schedules
INSERT INTO Injection_Schedules (Id, [Description], Start_Date, Place_Id, End_Date, Vaccine_Id) 
VALUES 
('VS000001', 'Initial vaccination schedule', '01-10-2023', 'PL000001', '01-17-2023', 'VC000001'),
('VS000002', 'Follow-up vaccination', '02-15-2023', 'PL000002', '02-22-2023', 'VC000002'),
('VS000003', 'Annual flu shot', '03-05-2023', 'PL000003', '03-12-2023', 'VC000003'),
('VS000004', 'Children vaccination drive', '04-25-2023', 'PL000004', '05-02-2023', 'VC000004'),
('VS000005', 'Booster dose', '05-15-2023', 'PL000005', '05-22-2023', 'VC000005'),
('VS000006', 'Routine checkup and vaccination', '06-10-2023', 'PL000006', '06-17-2023', 'VC000001'),
('VS000007', 'Pre-travel vaccination', '07-20-2023', 'PL000007', '07-27-2023', 'VC000002'),
('VS000008', 'School vaccination program', '08-15-2023', 'PL000008', '08-22-2023', 'VC000003'),
('VS000009', 'Occupational health vaccination', '09-10-2023', 'PL000009', '09-17-2023', 'VC000004'),
('VS000010', 'Seasonal vaccination event', '10-05-2023', 'PL000010', '10-12-2023', 'VC000005'),
('VS000011', 'Community vaccination drive', '2024-01-20', 'PL000001', '2025-01-25', 'VC000001'),
('VS000012', 'Children vaccination program', '2024-02-18', 'PL000002', '2025-02-24', 'VC000002'),
('VS000013', 'Seasonal flu vaccination', '2024-03-12', 'PL000003', '2025-03-18', 'VC000003'),
('VS000014', 'Newcomer health check', '2024-04-22', 'PL000004', '2024-04-29', 'VC000004'),
('VS000015', 'Routine health check', '2024-05-28', 'PL000005', '2024-06-03', 'VC000005'),
('VS000016', 'Employee health program', '2024-06-15', 'PL000006', '2025-06-20', 'VC000006'),
('VS000017', 'Pregnancy care vaccinations', '2024-07-18', 'PL000007', '2025-07-24', 'VC000007'),
('VS000018', 'School vaccination week', '2024-08-20', 'PL000008', '2024-08-26', 'VC000008'),
('VS000019', 'Summer vaccination event', '2024-09-15', 'PL000009', '2024-09-21', 'VC000009'),
('VS000020', 'Village vaccination day', '2024-10-20', 'PL000010', '2024-10-26', 'VC000010'),
('VS000021', 'Winter vaccination drive', '2024-11-05', 'PL000001', '2024-11-10', 'VC000012'),
('VS000022', 'Festival health check', '2024-12-15', 'PL000002', '2024-12-21', 'VC000013'),
('VS000023', 'New year health check', '2024-01-01', 'PL000003', '2024-01-07', 'VC000021'),
('VS000024', 'Pre-school vaccination', '2024-02-15', 'PL000004', '2024-02-20', 'VC000022'),
('VS000025', 'Community flu shots', '2024-03-05', 'PL000005', '2024-03-10', 'VC000023'),
('VS000026', 'Routine vaccination', '2024-04-15', 'PL000006', '2024-04-20', 'VC000024'),
('VS000027', 'Traveler vaccinations', '2024-05-25', 'PL000007', '2024-05-30', 'VC000025'),
('VS000028', 'Annual health check', '2025-01-05', 'PL000008', '2025-01-12', 'VC000026'),
('VS000029', 'Company vaccination day', '2025-03-12', 'PL000009', '2025-03-17', 'VC000027'),
('VS000030', 'Emergency vaccination', '2025-05-18', 'PL000010', '2025-05-24', 'VC000028'),
('VS000031', 'Employee wellness check', '2025-07-15', 'PL000001', '2025-07-20', 'VC000029'),
('VS000032', 'Local vaccination event', '2025-09-10', 'PL000002', '2025-09-15', 'VC000030'),
('VS000033', 'Spring vaccination drive', '2025-01-22', 'PL000003', '2025-01-29', 'VC000031'),
('VS000034', 'Pre-winter vaccinations', '2025-02-15', 'PL000004', '2025-02-22', 'VC000032'),
('VS000035', 'School checkup', '2025-03-22', 'PL000005', '2025-03-29', 'VC000033'),
('VS000036', 'Public health vaccination', '2025-04-15', 'PL000006', '2025-04-22', 'VC000034'),
('VS000037', 'Health awareness week', '2025-05-10', 'PL000007', '2025-05-17', 'VC000035'),
('VS000038', 'Family health day', '2025-06-18', 'PL000008', '2025-06-24', 'VC000026'),
('VS000039', 'Pre-holiday vaccinations', '2025-07-10', 'PL000009', '2025-07-16', 'VC000027'),
('VS000040', 'Kids vaccination camp', '2025-08-15', 'PL000010', '2025-08-21', 'VC000028');

INSERT INTO Employees(Id, [Address], WardId, DistrictId, ProvinceId, Date_Of_Birth, Email, Gender, [Image], [Password], Place_Id,
Username, Employee_Name, [Role_Id], Phone, [Status], PositionId)
VALUES
('EM000001', '501-3234 Eu Ave.', '30337', '886', '89', '1990/07/08', 'cdht147@gmail.com', 1, '', '$2a$12$J2L1Id/vxXr3Dy8BbYGTg.UQuVDuzcWslqT5yfZLoDj2XrEZteWqi', 'PL000005', 'CuongGia', 'Cuong Pham Quoc', 3, '0346639005', 1, 'PO000001'),
('EM000002', 'P.O. Box 984, 8006 Luctus St.', '30373', '886', '89', '1987/04/18', 'sheldon.doc@hotmail.com', 1, '', '$2a$12$J2L1Id/vxXr3Dy8BbYGTg.UQuVDuzcWslqT5yfZLoDj2XrEZteWqi', 'PL000009', 'SheldonD', 'Sheldon Cooper', 1, '0923456789', 1, 'PO000001'),
('EM000003', '2128 Ipsum Avenue', '26572', '748', '77', '1995/03/25', 'dr.amy@yahoo.com', 1, '', '$2a$12$J2L1Id/vxXr3Dy8BbYGTg.UQuVDuzcWslqT5yfZLoDj2XrEZteWqi', 'PL000002', 'AmyCares', 'Amy Farrah Fowler', 3, '0934567890', 1, 'PO000001'),
('EM000004', '390-2471 Gravida Road', '26566', '748', '77', '1992/11/11', 'lily.nurse@gmail.com', 0, '', '$2a$12$J2L1Id/vxXr3Dy8BbYGTg.UQuVDuzcWslqT5yfZLoDj2XrEZteWqi', 'PL000003', 'LilyNurse', 'Lily Aldrin', 2, '0987123456', 0, 'PO000002'),
('EM000005', '5038 Euismod Lane', '26563', '748', '77', '1989/08/19', 'marshall.nurse@gmail.com', 1, '', '$2a$12$J2L1Id/vxXr3Dy8BbYGTg.UQuVDuzcWslqT5yfZLoDj2XrEZteWqi', 'PL000006', 'BigNurseM', 'Marshall Eriksen', 3, '0945123456', 1, 'PO000002'),
('EM000006', '890-3003 Vestibulum St.', '26554', '748', '77', '1993/05/30', 'ted.nursing@gmail.com', 1, '', '$2a$12$J2L1Id/vxXr3Dy8BbYGTg.UQuVDuzcWslqT5yfZLoDj2XrEZteWqi', 'PL000007', 'NurseTed', 'Ted Mosby', 2, '0978123456', 1, 'PO000002'),
('EM000007', '600-9251 Ornare Lane', '07231', '213', '24', '2001/02/20', 'manny.nurse@gmail.com', 0, '', '$2a$12$J2L1Id/vxXr3Dy8BbYGTg.UQuVDuzcWslqT5yfZLoDj2XrEZteWqi', 'PL000008', 'MannyHelper', 'Manny Delgado', 2, '0961234567', 0, 'PO000003'),
('EM000008', '120-3829 Phasellus Ave.', '07441', '213', '24', '1998/06/15', 'haley.nurse@gmail.com', 0, '', '$2a$12$J2L1Id/vxXr3Dy8BbYGTg.UQuVDuzcWslqT5yfZLoDj2XrEZteWqi', 'PL000010', 'HaleySmile', 'Haley Dunphy', 2, '0956781234', 1, 'PO000003'),
('EM000009', '7802 Vulputate Street', '07216', '213', '24', '1999/01/09', 'alex.nurse@gmail.com', 1, '', '$2a$12$J2L1Id/vxXr3Dy8BbYGTg.UQuVDuzcWslqT5yfZLoDj2XrEZteWqi', 'PL000004', 'AlexBright', 'Alex Dunphy', 2, '0946781234', 0, 'PO000003'),
('EM000010', '142-8541 Donec St.', '03359', '100', '11', '1995/12/07', 'luke.babysitter@gmail.com', 1, '', '$2a$12$J2L1Id/vxXr3Dy8BbYGTg.UQuVDuzcWslqT5yfZLoDj2XrEZteWqi', 'PL000008', 'CoolLuke', 'Luke Dunphy', 2, '0934567123', 0, 'PO000004'),
('EM000011', '203-1033 Risus Road', '03364', '100', '11', '2000/09/01', 'phil.babysitter@gmail.com', 1, '', '$2a$12$J2L1Id/vxXr3Dy8BbYGTg.UQuVDuzcWslqT5yfZLoDj2XrEZteWqi', 'PL000005', 'PhilTastic', 'Phil Dunphy', 2, '0923456712', 1, 'PO000004'),
('EM000012', '347-6015 Cras Avenue', '02200', '070', '08', '1997/07/20', 'claire.babysitter@gmail.com', 0, '', '$2a$12$J2L1Id/vxXr3Dy8BbYGTg.UQuVDuzcWslqT5yfZLoDj2XrEZteWqi', 'PL000001', 'BossClaire', 'Claire Dunphy', 2, '0912345671', 1, 'PO000004');

-- Sample data for Customers
INSERT INTO Customers (Id, Address, Province, District, Ward, Date_Of_Birth, Full_Name, Email, Gender, Phone, Identity_Card, Password, Username, Status, [Role_Id])
VALUES 
--('CM000001', '123 Main St', '01', '001', '00001', '1990-01-01', 'Cuong Pham', 'cuongpqhe187094@fpt.edu.vn', 0, '0346639004', '123456789012', 'password1', 'CuongVN', 1, 1),
--('CM000002', '456 Oak St', '01', '001', '00001', '1985-05-15', 'Jane Smith', 'janesmith@email.com', 1, '0123456790', 'ID987654321', 'password2', 'janesmith', 1, 1),
--('CM000003', '789 Pine St', '01', '001', '00001', '2000-07-20', 'Sam Brown', 'sambrown@email.com', 0, '0123456791', 'ID112233445', 'password3', 'sambrown', 0, 1),
--('CM000004', '101 Maple St', '01', '001', '00001', '1992-11-30', 'Anna White', 'annawhite@email.com', 1, '0123456792', 'ID556677889', 'password4', 'annawhite', 0, 1),
--('CM000005', '202 Elm St', '01', '001', '00001', '1995-03-10', 'Mike Green', 'mikegreen@email.com', 0, '0123456793', 'ID998877665', 'password5', 'mikegreen', 1, 1),
--('CM000006', '303 Birch St', '01', '001', '00001', '1998-09-22', 'Laura Black', 'laurablack@email.com', 1, '0123456794', 'ID223344556', 'password6', 'laurablack', 0, 1),
--('CM000007', '404 Cedar St', '01', '001', '00001', '2002-02-14', 'Chris Grey', 'chrisgrey@email.com', 0, '0123456795', 'ID667788990', 'password7', 'chrisgrey', 1, 1),
--('CM000008', '505 Fir St', '01', '001', '00001', '1996-06-28', 'Kelly Blue', 'kellyblue@email.com', 1, '0123456796', 'ID223355667', 'password8', 'kellyblue', 1, 1),
--('CM000009', '606 Redwood St', '01', '001', '00001', '1994-12-05', 'David Yellow', 'davidyellow@email.com', 0, '0123456797', 'ID334455778', 'password9', 'davidyellow', 1, 1),
--('CM000010', '707 Spruce St', '01', '001', '00001', '2001-08-17', 'Megan Purple', 'meganpurple@email.com', 1, '0123456798', 'ID445566889', 'password10', 'meganpurple', 0, 1),
--('CM000011', '808 Redwood St', '01', '001', '00001', '1988-04-25', 'Jack White', 'jackwhite@email.com', 0, '0123456799', 'ID556677990', 'password11', 'jackwhite', 1, 1);
('CM000001', '123 Main St', '01', '001', '00001', '1990-01-01', 'Cuong Pham', 'cuongpqhe187094@fpt.edu.vn', 0, '0346639004', '123456789012', '$2a$12$iT2iOulPGMGS2MbeDasBnOwjeGH0tdQ9GN7Ld7wvc/zCPneyEwfy6', 'CuongVN', 1, 1),
('CM000002', '456 Oak St', '01', '001', '00001', '1985-05-15', 'Jane Smith', 'janesmith@email.com', 1, '0123456790', 'ID987654321', '$2a$12$v8lbLm5Yc3aTu08bca8S0u//18CCyUlEaDjEocmpIqnjfoW6Rm2hK', 'janesmith', 1, 1),
('CM000003', '789 Pine St', '01', '001', '00001', '2000-07-20', 'Sam Brown', 'sambrown@email.com', 0, '0123456791', 'ID112233445', '$2a$12$53oJqsJeItYtwCjLdHgLheD90.3GIkTZOVssoS6eLw1ThWThZzOri', 'sambrown', 0, 1),
('CM000004', '101 Maple St', '01', '001', '00001', '1992-11-30', 'Anna White', 'annawhite@email.com', 1, '0123456792', 'ID556677889', '$2a$12$39o1B.LdR5aRtqSYcBLvP.oFoO2.abrB7iiC1WLnhEtOiuh9XnSGGv', 'annawhite', 0, 1),
('CM000005', '202 Elm St', '01', '001', '00001', '1995-03-10', 'Mike Green', 'mikegreen@email.com', 0, '0123456793', 'ID998877665', '$2a$12$zGMUj65OpPWYOaqXB75iL.5kckOQLABYn0RXDAdeVvEBLmRoILKn2', 'mikegreen', 1, 1),
('CM000006', '303 Birch St', '01', '001', '00001', '1998-09-22', 'Laura Black', 'laurablack@email.com', 1, '0123456794', 'ID223344556', '$2a$12$qzgILzxbIJ/GiTQqRVCaXO7KzZwxsglvODk1C6Da45tAzso.wSbmq', 'laurablack', 0, 1),
('CM000007', '404 Cedar St', '01', '001', '00001', '2002-02-14', 'Chris Grey', 'chrisgrey@email.com', 0, '0123456795', 'ID667788990', '$2a$12$dodnUs8U8hXflWOPZfoPL.qpQwQkcnnYPYjPDSN.TSQ.JaonkbKTS', 'chrisgrey', 1, 1),
('CM000008', '505 Fir St', '01', '001', '00001', '1996-06-28', 'Kelly Blue', 'kellyblue@email.com', 1, '0123456796', 'ID223355667', '$2a$12$0qeHI/k9g3Z5KIx9VrGEE.1vb5SOTIBnF6uL.3nR772wX3rplNfmO', 'kellyblue', 1, 1),
('CM000009', '606 Redwood St', '01', '001', '00001', '1994-12-05', 'David Yellow', 'davidyellow@email.com', 0, '0123456797', 'ID334455778', '$2a$12$qfv379iotp/JdgVB5/Go1et9hZBjE0B3WFdClifSxnuUC9DfgbvaC', 'davidyellow', 1, 1),
('CM000010', '707 Spruce St', '01', '001', '00001', '2001-08-17', 'Megan Purple', 'meganpurple@email.com', 1, '0123456798', 'ID445566889', '$2a$12$u7JxlnDS5oq5Rd9gyq.AmeQvu6TvFKk.KeyZ9ogLRQmwe5FT3SOgq', 'meganpurple', 0, 1),
('CM000011', '808 Redwood St', '01', '001', '00001', '1988-04-25', 'Jack White', 'jackwhite@email.com', 0, '0123456799', 'ID556677990', '$2a$12$ccoTJ7dv1QCQ0BggyvAsTuDidOgyyX1io1ws0ihF8mjs9QNcG15FG', 'jackwhite', 1, 1);

INSERT INTO Injection_Results (Id, Customer_Id, Injection_Date, Injection_Place_Id, Next_Injection_Date, Number_Of_Injection, Prevention, Vaccine_Id, IsVaccinated, Injection_Number) 
VALUES 
('VR000001', 'CM000001', '01-10-2024', 'PL000001', '01-17-2024', 5, 'COVID-19 mRNA Vaccine', 'VC000001', 1, 1),
('VR000002', 'CM000003', '02-15-2024', 'PL000002', '02-22-2024', 6, 'Influenza Vaccine', 'VC000002', 1, 1),
('VR000003', 'CM000001', '03-05-2024', 'PL000003', '03-12-2024', 7, 'COVID-19 Protein Subunit Vaccine', 'VC000003', 1, 1),
('VR000004', 'CM000002', '04-25-2024', 'PL000004', '05-02-2024', 5, 'Viral Vector Vaccine', 'VC000004', 1, 1),
('VR000005', 'CM000001', '05-15-2024', 'PL000005', '05-22-2024', 8, 'Inactivated Virus Vaccine', 'VC000005', 1, 1),
('VR000006', 'CM000002', '06-10-2024', 'PL000006', '06-17-2024', 6, 'COVID-19 mRNA Vaccine', 'VC000001', 1, 1),
('VR000007', 'CM000001', '07-20-2024', 'PL000007', '07-27-2024', 7, 'Influenza Vaccine', 'VC000002', 1, 1),
('VR000008', 'CM000002', '08-15-2024', 'PL000008', '08-22-2024', 5, 'COVID-19 Protein Subunit Vaccine', 'VC000003', 1, 1),
('VR000009', 'CM000003', '09-10-2024', 'PL000009', '09-17-2024', 9, 'Viral Vector Vaccine', 'VC000004', 1, 1),
('VR000010', 'CM000002', '10-05-2024', 'PL000010', '10-12-2024', 8, 'Inactivated Virus Vaccine', 'VC000005', 1, 1),
('VR000011', 'CM000001', '11-20-2024', 'PL000010', '11-27-2024', 6, 'COVID-19 mRNA Vaccine', 'VC000001', 1, 1),
('VR000012', 'CM000001', '12-10-2024', 'PL000010', '12-17-2024', 7, 'Influenza Vaccine', 'VC000002', 1, 1),
('VR000013', 'CM000002', '01-10-2024', 'PL000001', '01-17-2025', 5, 'COVID-19 mRNA Vaccine', 'VC000001', 1, 1),
('VR000014', 'CM000003', '02-15-2024', 'PL000002', '02-22-2025', 6, 'Influenza Vaccine', 'VC000002', 1, 1),
('VR000015', 'CM000001', '03-05-2024', 'PL000003', '03-12-2025', 7, 'COVID-19 Protein Subunit Vaccine', 'VC000003', 2, 1),
('VR000016', 'CM000002', '04-25-2024', 'PL000004', '05-02-2025', 5, 'Viral Vector Vaccine', 'VC000004', 2, 1),
('VR000017', 'CM000001', '05-15-2024', 'PL000005', '05-22-2025', 8, 'Inactivated Virus Vaccine', 'VC000005', 2, 1),
('VR000018', 'CM000003', '06-10-2024', 'PL000006', '06-17-2025', 6, 'COVID-19 mRNA Vaccine', 'VC000001', 2, 1),
('VR000019', 'CM000002', '07-20-2024', 'PL000007', '07-27-2025', 7, 'Influenza Vaccine', 'VC000002', 2, 1),
('VR000020', 'CM000001', '08-15-2024', 'PL000008', '08-22-2025', 5, 'COVID-19 Protein Subunit Vaccine', 'VC000003', 2, 1),
('VR000021', 'CM000002', '09-10-2024', 'PL000009', '09-17-2025', 9, 'Viral Vector Vaccine', 'VC000004', 2, 1),
('VR000022', 'CM000003', '10-05-2024', 'PL000010', '10-12-2025', 8, 'Inactivated Virus Vaccine', 'VC000005', 2, 1),
('VR000023', 'CM000001', '01-10-2024', 'PL000001', '01-17-2024', 5, 'COVID-19 mRNA Vaccine', 'VC000001', 2, 1),
('VR000024', 'CM000002', '02-15-2024', 'PL000002', '02-22-2024', 6, 'Influenza Vaccine', 'VC000002', 3, 1),
('VR000025', 'CM000003', '03-05-2024', 'PL000003', '03-12-2024', 7, 'COVID-19 Protein Subunit Vaccine', 'VC000003', 3, 1),
('VR000026', 'CM000001', '04-25-2024', 'PL000004', '05-02-2024', 5, 'Viral Vector Vaccine', 'VC000004', 3, 1),
('VR000027', 'CM000002', '05-15-2024', 'PL000005', '05-22-2024', 8, 'Inactivated Virus Vaccine', 'VC000005', 3, 1),
('VR000028', 'CM000001', '06-10-2024', 'PL000006', '06-17-2024', 6, 'COVID-19 mRNA Vaccine', 'VC000001', 3, 1),
('VR000029', 'CM000002', '07-20-2024', 'PL000007', '07-27-2024', 7, 'Influenza Vaccine', 'VC000002', 3, 1),
('VR000030', 'CM000003', '08-15-2024', 'PL000008', '08-22-2024', 5, 'COVID-19 Protein Subunit Vaccine', 'VC000003', 3, 1),
('VR000031', 'CM000001', '09-10-2024', 'PL000009', '09-17-2024', 9, 'Viral Vector Vaccine', 'VC000004', 3, 1),
('VR000032', 'CM000002', '10-05-2024', 'PL000010', '10-12-2024', 8, 'Inactivated Virus Vaccine', 'VC000005', 1, 1),
('VR000033', 'CM000002', '10-05-2024', 'PL000010', '10-12-2024', 8, 'Inactivated Virus Vaccine', 'VC000005', 1, 1);

-- Sample data for Distributions
INSERT INTO [dbo].[Distributions]
           ([Id]
           ,[Vaccine_Id]
           ,[Place_Id]
           ,[Date_Import]
           ,[Quantity_Imported]
           ,[Quantity_Injected])
VALUES
           ('DT000001', 'VC000001', 'PL000001', '2024-11-01', 100, 50),
           ('DT000002', 'VC000002', 'PL000002', '2024-11-02', 120, 60),
           ('DT000003', 'VC000003', 'PL000003', '2024-11-03', 150, 70),
           ('DT000004', 'VC000004', 'PL000004', '2024-11-04', 200, 90),
           ('DT000005', 'VC000005', 'PL000005', '2024-11-05', 180, 80),
           ('DT000006', 'VC000001', 'PL000006', '2024-11-06', 130, 65),
           ('DT000007', 'VC000002', 'PL000007', '2024-11-07', 170, 85),
           ('DT000008', 'VC000003', 'PL000008', '2024-11-08', 110, 55),
           ('DT000009', 'VC000004', 'PL000009', '2024-11-09', 140, 70),
           ('DT000010', 'VC000005', 'PL000010', '2024-11-10', 190, 95);
GO

INSERT INTO News_Types(Id, News_Type_Name, [Status])
VALUES
('NT000001', N'Tin tức sức khỏe', 1),
('NT000002', N'Tin tức hoạt động', 1),
('NT000003', N'Ưu đãi', 1),
('NT000004', N'Khai trương', 1),
('NT000005', N'Lớp tư vấn sức khỏe cộng đồng', 1),
('NT000006', N'Trực tuyến', 0),
('NT000007', N'Cuộc thi', 1),
('NT000008', N'Hợp tác', 0)


/*	********IMPORTANT********:

******** YOU MUST FOLLOW THIS INSTRUCTION TO SET UP SQL SERVER AGENT JOB WHICH WILL AUTOMATICALLY UPDATE THE NEWS'S STATUS IN REALTIME ********

1.  Right click on SQL Server Agent and select Start if you haven't started it.

2.  In Object Explorer, expand the SQL Server Agent node.
	Right-click Jobs and select New Job.

3.  General Tab:
+)	Set the Name of the job to be Update News Status.

   Step Tab:
+)  Click New... to create a step.
+)	In the New Job Step window:
+)	Set the Step Name to UpdateStatus.
+)	Set Type to Transact-SQL Script (T-SQL).
+)	Set the Database to VaccinationManagement.
+)	In the Command field, paste the script:


UPDATE News
SET [Status] = CASE 
    WHEN GETDATE() > ExpiryDate THEN 0  
    WHEN GETDATE() >= PostDate THEN 1 
    ELSE 0
END
WHERE ExpiryDate IS NOT NULL AND PostDate IS NOT NULL;


Click OK to save.

   Schedules Tab:
+)	Click New... to create a schedule.
+)	In the New Job Schedule window:
+)	Set the Name to Run Daily.
+)	Under Frequency, choose the Occurs to be daily and Recurs every 1 day.
+)	Under Daily Frequency, select the Occurs every 10 seconds.
+)  Keep the Duration unchanged

4. Right-click the job (Update News Status) and select Start Job at Step....

5. Test the job

6. You can check the job history in SQL Server Agent > Jobs > Right-click Job > View History to ensure the job is running without errors

*/

-- **************About Us News Insertion**************

--OUR VISION:

/*INSERT INTO News(Id, Content, Title, Preview, PostDate, ExpiryDate, News_Type_Id, AuthorId, [Status])
VALUES('NW000001', 'Aiming to become the leading system of vaccination centers in Vietnam, we strive to secure a highly qualified and trustworthy source of vaccines, selected from renown international suppliers while continuously building modern, advanced facilities. Furthermore, we consider comfort and convenience as two important aspects in terms of customer experience. Each injection room is equipped with the modern and cutting-edge vaccine preservation equipments, imported from Germany and Japan. Our teams of doctors and specialists are well-trained.The waiting areas exude a sense of comfort, relaxation and in turn creating a family-friendly environment thanks to colorful decorations. Join us and experience the service yourself!'
, 'OUR VISION', '', GETDATE(), DATEADD(YEAR, 1, GETDATE()), 'NT000000', 'EM000001', 1)

INSERT INTO NewsImages(Id, ImagePath, NewsId)
VALUES('1', 'src\assets\images\aboutUs\vision1.png', 'NW000001'),
('2', 'src\assets\images\aboutUs\vision2.png', 'NW000001'),
('3', 'src\assets\images\aboutUs\vision3.png', 'NW000001')

--OUR MISSION:

INSERT INTO News(Id, Content, Title, Preview, PostDate, ExpiryDate, News_Type_Id, AuthorId, [Status])
VALUES('NW000002', 'Tasked with the great mission to “protect our children from infectious threats”, we join hands with parents to give them a healthy start, prepare them to fight off diseases and pave their way towards a bright future.'
, 'OUR MISSION', '', GETDATE(), DATEADD(YEAR, 1, GETDATE()), 'NT000000', 'EM000001', 1)

INSERT INTO NewsImages(Id, ImagePath, NewsId)
VALUES('4', 'src\assets\images\aboutUs\mission1.png', 'NW000002'),
('5', 'src\assets\images\aboutUs\mission2.png', 'NW000002')

--OUR GUARANTEE:

INSERT INTO News(Id, Content, Title, Preview, PostDate, ExpiryDate, News_Type_Id, AuthorId, [Status])
VALUES('NW000003', 'Your personal information is of utmost importance to us and will be kept confidential. You can easily access this during future visits at different centers of VNVC without having to redeclare any information. You can also check the vaccination record or make appointments through our official website. After successful registrations for vaccinations, you will receive a reminder message by our customer service prior to the date of appointment.'
, 'OUR GUARANTEE', '', GETDATE(), DATEADD(YEAR, 1, GETDATE()), 'NT000000', 'EM000001', 1)

INSERT INTO NewsImages(Id, ImagePath, NewsId)
VALUES('6', 'src\assets\images\aboutUs\guarantee1.png', 'NW000003')

SELECT * FROM News
SELECT * FROM NewsImages */


INSERT [dbo].[News] ([Id], [Content], [Title], [Preview], [News_Type_Id], [AuthorId], [PostDate], [ExpiryDate], [Status], [Thumbnail]) VALUES (N'NW000011', N'<h1><strong>Các loại vắc xin cúm cho phụ nữ mang thai</strong></h1><p><br></p><p>Cúm là bệnh nhiễm trùng đường hô hấp cấp tính với các triệu chứng khởi đầu như sốt cao trên 37 độ C, ho khan, đau họng, chảy nước mũi, nghẹt mũi, đau đầu, đau nhức cơ bắp, cảm giác mệt mỏi, ớn lạnh… Bất cứ ai cũng có thể mắc cúm nhưng phụ nữ mang thai là nhóm có nguy cơ cao hơn không chỉ vì dễ nhiễm bệnh mà còn vì nguy cơ bệnh tiến triển nặng, gây nhiều biến chứng nguy hiểm cho cả hai mẹ con.</p><p class="ql-align-justify"><br></p><p class="ql-align-justify">Lý giải vấn đề này, chuyên gia cho biết trong thời kỳ mang thai, cơ thể phụ nữ trở nên nhạy cảm hơn do những thay đổi về nội tiết tố, hệ miễn dịch bị suy giảm và sức đề kháng yếu tạo điều kiện thuận lợi cho các tác nhân gây bệnh như virus, vi khuẩn tấn công cơ thể gây bệnh. Đặc biệt, những thai phụ có sức khỏe yếu càng dễ bị nhiễm virus cúm từ môi trường xung quanh.</p><p class="ql-align-justify"><br></p><p class="ql-align-justify">Đáng lưu ý, tùy vào thời điểm nhiễm cúm ở phụ nữ mang thai mà có thể gây ra những biến chứng nặng nề ở thai nhi.</p><p class="ql-align-justify">Chính vì vậy, các chuyên gia khuyến cáo việc tiêm vắc xin cúm cho phụ nữ trước và trong khi mang thai là rất quan trọng để bảo vệ mẹ bầu và thai nhi khỏi nguy cơ mắc cúm cũng như các biến chứng nguy hiểm do cúm gây ra. Hơn nữa, lượng kháng thể phòng cúm từ mẹ bầu còn được truyền thụ động sang thai nhi giúp bảo vệ trẻ sơ sinh khỏi các chủng cúm trong giai đoạn đầu đời mới sinh – thời điểm trẻ chưa đủ điều kiện tiêm&nbsp;<a href="https://vnvc.vn/vac-xin-cum/" rel="noopener noreferrer" target="_blank" style="color: rgb(51, 122, 183);">vắc xin cúm</a>&nbsp;cho đến khi được 6 tháng tuổi.</p><p class="ql-align-justify"><br></p><p class="ql-align-justify">Hiện nay, có 2 loại vắc xin cúm tứ giá có thể tiêm cho phụ nữ mang thai đang được sử dụng tại Việt Nam bao gồm: vắc xin bất hoạt tiểu đơn vị (subunit) và vắc xin bất hoạt dạng mảnh (split). Cả hai loại vắc xin này đều có đầy đủ tại hàng trăm&nbsp;<a href="https://vnvc.vn/" rel="noopener noreferrer" target="_blank" style="color: rgb(51, 122, 183);">trung tâm tiêm chủng</a>&nbsp;VNVC trên toàn quốc.</p><p><br></p>', N'Vắc xin cúm nào tốt cho phụ nữ mang thai', N'Tổ chức Y tế Thế giới (WHO) nhấn mạnh phụ nữ mang thai là đối tượng được ưu tiên tiêm vắc xin cúm cao nhất. Việc tiêm vắc xin cúm đầy đủ trong thai kỳ giúp giảm 72% tỷ lệ nhập viện liên quan tới cúm, giảm 51% nguy cơ thai chết lưu, giảm 25% tỷ lệ sinh non, giảm 72% nguy cơ trẻ nhũ nhi (dưới 6 tháng tuổi) nhập viện do cúm và 29% tỷ lệ mắc bệnh đường hô hấp ở trẻ sơ sinh.', N'NT000001', N'EM000001', CAST(N'2024-11-11T00:00:00.0000000' AS DateTime2), CAST(N'2026-12-11T00:00:00.0000000' AS DateTime2), 1, N'/Uploads/news/images/4e9ff6f0-b363-409a-bc5c-c8dd3862983e_tiem-vac-xin-cum-cho-phu-nu-mang-thai.jpg')
INSERT [dbo].[News] ([Id], [Content], [Title], [Preview], [News_Type_Id], [AuthorId], [PostDate], [ExpiryDate], [Status], [Thumbnail]) VALUES (N'NW000012', N'<h2 class="ql-align-justify"><strong>Mẹ bầu mắc bệnh cúm có nguy hiểm không?</strong></h2><p class="ql-align-justify">Các nghiên cứu cho thấy phụ nữ mang thai có nhiều khả năng phải nhập viện vì các bệnh về đường hô hấp so với phụ nữ không mang thai, đặc biệt là trong mùa cúm. Hơn nữa, phụ nữ mang thai mắc&nbsp;cúm tăng nguy cơ nhập viện gấp 3 – 4 lần.</p><p class="ql-align-justify"><br></p><p class="ql-align-justify">Phân tích vấn đề này, chuyên gia của Hệ thống tiêm chủng&nbsp;FVC cho biết trong suốt thời kỳ mang thai, hệ miễn dịch của phụ nữ trải qua những thay đổi phức tạp để thích ứng với sự xuất hiện của thai nhi trong cơ thể. Sự thay đổi này là một cơ chế tự nhiên nhằm bảo vệ cho thai nhi – vốn là một “thực thể ngoại lai” có thể phát triển khỏe mạnh trong tử cung người mẹ mà không bị hệ miễn dịch đào thải.</p><p class="ql-align-justify"><br></p><p class="ql-align-justify">Để tránh tình trạng cơ thể mẹ tự đào thải thai nhi, hệ miễn dịch bẩm sinh và hệ miễn dịch thích nghi của người mẹ phải điều chỉnh xuống mức thấp nhất để giảm bớt phản ứng. Ngoài ra, hormone thai kỳ, đặc biệt là progesterone và estrogen cũng đóng vai trò quan trọng trong việc điều chỉnh hệ miễn dịch. Progesterone có tác dụng làm dịu hệ miễn dịch giúp mẹ bầu không “quá mẫn” với sự hiện diện của thai nhi. Tuy nhiên, sự thay đổi này lại khiến cơ thể người mẹ dễ bị các tác nhân gây bệnh tấn công, làm tăng nguy cơ mắc các bệnh truyền nhiễm nguy hiểm.</p><p><br></p>', N'Câu hỏi thường gặp về tiêm phòng cúm cho mẹ bầu', N'Nhiều nghiên cứu chỉ ra rằng phụ nữ mang thai có nguy cơ mắc bệnh nghiêm trọng và tử vong cao. Tỷ lệ tử vong chung do cúm được ước tính là 27% và có hơn 50% phụ nữ mang thai nhiễm cúm bị viêm phổi thứ phát do vi khuẩn. Cúm không chỉ ảnh hưởng trực tiếp đến sức khỏe mẹ bầu mà còn có thể dẫn đến các biến chứng nguy hiểm cho cả thai nhi như dị tật bẩm sinh, hở hàm ếch, tim bẩm sinh, thậm chí tiềm ẩn nhiều nguy cơ sảy thai, thai chết lưu hoặc sinh non, đặc biệt là tỷ lệ tử vong chu sinh do mẹ bầu mắc cúm trong thai kỳ rất cao.', N'NT000001', N'EM000001', CAST(N'2024-11-11T00:00:00.0000000' AS DateTime2), CAST(N'2026-12-11T00:00:00.0000000' AS DateTime2), 1, N'/Uploads/news/images/22113811-848c-476a-bda2-b9e798181238_cac-cau-hoi-ve-tiem-cum-cho-ba-bau.jpg')
INSERT [dbo].[News] ([Id], [Content], [Title], [Preview], [News_Type_Id], [AuthorId], [PostDate], [ExpiryDate], [Status], [Thumbnail]) VALUES (N'NW000013', N'<p class="ql-align-justify">Miền Bắc đang trải qua những ngày rét đậm, rét hại, với nhiệt độ trung bình 14 – 16 độ C. Tại một số vùng núi như Sìn Hồ (Lai Châu), nhiệt độ giảm sâu kỷ lục, chỉ hơn 4 độ C. Dù ban ngày trời nắng hanh, nhiệt độ đạt 23 – 25 độ C, nhưng đêm xuống, rét buốt lại bao trùm. Không khí lạnh cũng đang dần lan về miền Nam, mang đến thời tiết se lạnh vào sáng sớm và chiều tối, trong khi khu vực Trung Bộ trải qua những cơn mưa rải rác, trời rét về đêm.</p><p class="ql-align-justify"><br></p><p class="ql-align-justify">Dự báo của Trung tâm Khí tượng Thủy văn Quốc gia cho thấy, các tháng đầu năm 2025, miền Bắc sẽ đối mặt với nhiều đợt rét đậm rét hại, kèm sương muối và băng giá, gây ảnh hưởng nghiêm trọng đến nông nghiệp và sức khỏe người dân. Các chuyên gia y tế cảnh báo, thời tiết chuyển lạnh đột ngột làm gia tăng nguy cơ bệnh mạn tính chuyển nặng, nhất là các bệnh hô hấp, tim mạch và đột quỵ, đặc biệt nguy hiểm cho trẻ nhỏ và người già.</p><p class="ql-align-justify"><br></p><p class="ql-align-justify">Tại Hà Nội, nhiều bệnh viện lớn như Bạch Mai, Thanh Nhàn, Xanh Pôn ghi nhận lượng bệnh nhân nhập viện tăng đột biến, chủ yếu liên quan đến tim mạch, hô hấp và xương khớp. Trung tâm Cấp cứu A9, Bệnh viện Bạch Mai trong những ngày qua tiếp nhận 300 bệnh nhân, 40% trong số đó cần hồi sức tích cực. Khoa Đột quỵ của bệnh viện cũng ghi nhận bệnh nhân tăng 20 – 25% so với thông thường. Tại Bệnh viện Trung ương Huế, số lượng bệnh nhân đột quỵ cũng tăng đáng kể, khiến tình trạng quá tải xảy ra khi số bệnh nhân vượt mức giường bệnh cho phép.</p><p class="ql-align-justify"><br></p><p class="ql-align-justify">Ở phía Nam, Sở Y tế TP.HCM đã ra công văn khẩn về phòng chống bệnh viêm phổi cấp nặng do virus, khi các bệnh viện liên tục tiếp nhận nhiều ca viêm phổi không rõ nguyên nhân, trong bối cảnh dịch bệnh đường hô hấp có xu hướng diễn biến phức tạp.</p><p><br></p>', N'Ca bệnh nhập viện tăng cao khi thời tiết trở lạnh, tăng cường phòng bệnh cuối năm', N'Miền Bắc và miền Trung rét sâu, TP.HCM và miền Nam trời trở lạnh đột ngột trước giáng sinh, người người nhà nhà ho, sốt, đau đầu, nhức mỏi cơ thể, đau họng…, nhiều ca nhập viện cấp cứu do biến chứng đột quỵ, phổi tắc nghẽn mạn tính, huyết áp, tim mạch, bệnh đường hô hấp và tiêu hóa tại nhiều bệnh viện trên toàn quốc. Trong bối cảnh không khí lạnh bao trùm cả nước dịp cuối năm, các chuyên gia khuyến cáo người dân cần giữ ấm cơ thể, tăng cường các biện pháp phòng bệnh và chủ động tiêm vắc xin phòng ngừa các bệnh nguy hiểm.', N'NT000001', N'EM000001', CAST(N'2024-11-11T00:00:00.0000000' AS DateTime2), CAST(N'2026-12-11T00:00:00.0000000' AS DateTime2), 1, N'/Uploads/news/images/a60e2ed8-07a0-4f3f-8e10-c404d88b2cfb_troi-ret-o-mien-bac.jpg')
INSERT [dbo].[News] ([Id], [Content], [Title], [Preview], [News_Type_Id], [AuthorId], [PostDate], [ExpiryDate], [Status], [Thumbnail]) VALUES (N'NW000014', N'<h2 class="ql-align-justify"><strong>Vì sao phụ nữ mang thai cần tiêm phòng cúm?</strong></h2><p class="ql-align-justify">Cúm là bệnh truyền nhiễm hết sức nguy hiểm ở phụ nữ mang thai. Nếu như ở người khỏe mạnh mắc cúm nhẹ có thể gây ra các triệu chứng như sốt, ho, sổ mũi và tự khỏi sau vài ngày, thì với phụ nữ mang thai, cúm có thể trở thành mối đe dọa, gây ra những biến chứng nghiêm trọng, ảnh hưởng đến cả mẹ và bé.</p><p class="ql-align-justify"><br></p><p class="ql-align-justify">Nếu phụ nữ mang thai mắc cúm trong giai đoạn 3 tháng đầu thai kỳ, nguy cơ sảy thai, thai chết lưu hoặc dị tật bẩm sinh như sứt môi… tăng cao. Cúm có thể dẫn đến các biến chứng nguy hiểm cho thai phụ như viêm tai, viêm phế quản, viêm phổi, viêm não, nhiễm trùng máu, nguy cơ dẫn đến giảm huyết áp nghiêm trọng (sốc nhiễm khuẩn), viêm màng não, viêm nội tâm mạc… và trong trường hợp nghiêm trọng, có thể dẫn đến tử vong.</p><p class="ql-align-justify"><br></p><p class="ql-align-justify">Chính vì thế, việc&nbsp;<strong style="color: rgb(51, 122, 183);">tiêm phòng cúm cho bà bầu</strong>&nbsp;trở thành một bước quan trọng để bảo vệ sức khỏe của mẹ và con trong thai kỳ. Tiêm vắc xin cúm cho thai phụ không chỉ bảo vệ sức khỏe của mẹ mà còn mang lại sự bảo vệ cho thai nhi. Trẻ em chỉ được tiêm phòng cúm khi đã đủ 6 tháng tuổi, do đó, trong 6 tháng đầu đời các kháng thể từ mẹ sau khi tiêm phòng sẽ được truyền sang thai nhi, bảo vệ trẻ khỏi bệnh cúm cho đến khi trẻ có thể tự chủng ngừa lần đầu tiên.</p><p class="ql-align-justify"><br></p><p class="ql-align-justify">Nghiên cứu cho thấy trẻ dưới 6 tháng tuổi sinh từ mẹ đã tiêm phòng cúm trong thai kỳ có nguy cơ mắc cúm thấp hơn 48% và nguy cơ nhập viện do cúm thấp hơn 72% so với những trẻ mà mẹ không tiêm phòng cúm. Điều này nhấn mạnh tầm quan trọng của tiêm phòng cúm trong việc bảo vệ sức khỏe mẹ và bé trước mối đe dọa từ virus cúm trong suốt thai kỳ.</p><p><br></p>', N'Phụ nữ mang thai tiêm vắc xin cúm khi nào là tốt nhất? Khi nào không nên tiêm?', N'Phụ nữ mang thai đối mặt với nguy cơ nhập viện cao hơn từ 2,44 lần so với người không mang thai khi mắc cúm, cùng với nguy cơ gia tăng các biến cố bất lợi trong thai kỳ. Nguyên nhân chính là do những thay đổi sinh lý trong hệ thống hô hấp, tim mạch và miễn dịch trong suốt thai kỳ. Những biến chứng nghiêm trọng có thể gặp ở người mẹ bao gồm viêm phổi và suy hô hấp, trong khi đối với thai nhi, có thể xảy ra các vấn đề như sinh non, suy thai, thai lưu, thai nhỏ hơn so với tuổi thai và tệ hơn là tử vong cả mẹ và thai nhi.
Các tổ chức và chuyên gia y tế uy tín hàng đầu trên thế giới đều khuyến cáo, tiêm vắc xin cúm là biện pháp hiệu quả nhất với dữ liệu an toàn tốt để bảo vệ thai phụ và thai nhi. Vậy phụ nữ mang thai tiêm vắc xin cúm khi nào là tốt nhất?', N'NT000001', N'EM000001', CAST(N'2024-11-11T00:00:00.0000000' AS DateTime2), CAST(N'2026-12-11T00:00:00.0000000' AS DateTime2), 1, N'/Uploads/news/images/e338855b-f072-4b54-9795-45b155db4220_tiem-cum-cho-phu-nu-mang-thai.jpg')
INSERT [dbo].[News] ([Id], [Content], [Title], [Preview], [News_Type_Id], [AuthorId], [PostDate], [ExpiryDate], [Status], [Thumbnail]) VALUES (N'NW000015', N'<h2><strong>Nguy cơ cao các bệnh viêm não, viêm màng não gia tăng số ca mắc vào thời điểm giao mùa cuối năm</strong></h2><p><br></p><p class="ql-align-justify">Mở đầu chương trình, BS.CKII Nguyễn Thị Minh Hiền, Bác sĩ Khoa Nhi Bệnh viện Đa khoa Tâm Anh TP.HCM cho biết, hiện tại thời tiết giao mùa với sự chênh lệch lớn nhiệt độ và độ ẩm giữa ngày và đêm khiến hệ miễn dịch suy giảm, làm tăng nguy cơ mắc các bệnh như cảm cúm, viêm họng, dị ứng, rối loạn tiêu hóa hay nhiễm trùng. Tại Việt Nam, mùa mưa kéo dài cùng mật độ dân cư đông, ý thức vệ sinh tay chưa cao là điều kiện thuận lợi để các bệnh truyền nhiễm như sốt xuất huyết, tay chân miệng lan rộng.</p><p class="ql-align-justify"><br></p><p class="ql-align-justify">Đáng chú ý, gần đây bệnh sởi đang có dấu hiệu bùng phát trở lại với trung bình 100 trẻ mắc mới mỗi ngày. Tại Bệnh viện Nhi đồng TP.HCM, trong 3 tháng qua (từ tháng 9 đến tháng 12), số lượng bệnh nhi nhập viện vì các bệnh lý nhiễm trùng đường hô hấp trên, dưới, dị ứng viêm phế quản, khò khè, co thắt, tăng men gan, giảm tiểu cầu, tay chân miệng gia tăng đáng kể.</p>', N'Sự nguy hiểm của các bệnh viêm não, viêm màng não và vắc xin phòng ngừa', N'Viêm não, viêm màng não là bệnh truyền nhiễm nguy hiểm, rất thường gặp ở trẻ nhỏ và trẻ sơ sinh, nhưng bất kỳ ai chưa tiêm vắc xin đều có nguy cơ mắc, do bệnh lây qua đường hô hấp. Nguy hiểm hơn, một tỷ lệ không nhỏ người trưởng thành khỏe mạnh lành mang trùng vẫn vô tình trở thành nguồn lây nhiễm. Tỷ lệ này dao động từ 20 – 50% ở nhóm vị thành niên, 13% ở người 30 tuổi và 7% ở người 50 tuổi.', N'NT000001', N'EM000001', CAST(N'2024-11-11T00:00:00.0000000' AS DateTime2), CAST(N'2026-12-11T00:00:00.0000000' AS DateTime2), 1, N'/Uploads/news/images/c485608b-b4f9-4eeb-8989-ca8e93b843f7_benh-nhan-cum-a-h1n1.jpg')
INSERT [dbo].[News] ([Id], [Content], [Title], [Preview], [News_Type_Id], [AuthorId], [PostDate], [ExpiryDate], [Status], [Thumbnail]) VALUES (N'NW000016', N'<p class="ql-align-justify">Ông N.H.Đ. (73 tuổi, quận Phú Nhuận, TP.HCM) đến Trung tâm tiêm chủng VNVC gần nhà tiêm vắc xin ngừa zona thần kinh. Ông phát hiện bệnh vào năm 2022 với triệu chứng mụn nước mọc thành chùm dày đặc ở cánh tay phải, ban đầu nhầm tưởng do té ngã.</p><p class="ql-align-justify"><br></p><p class="ql-align-justify">Sau khi mụn nước lành, ông vẫn đau dữ dội và được chẩn đoán viêm thần kinh sau zona dẫn tới đau dây thần kinh kéo dài. Dù đã sử dụng thuốc giảm đau, tập yoga, thiền, cơn đau không dứt, gây ảnh hưởng nghiêm trọng đến tâm lý. Khi nghe tin có vắc xin, ông chủ động tiêm để giảm nguy cơ tái phát và biến chứng đau thần kinh.</p>', N'Tiêm vắc xin zona là phương pháp “điều trị” bệnh chủ động, hiệu quả', N'Khoảng 98% người lớn đã từng bị thủy đậu sẽ có nguy cơ mắc bệnh zona thần kinh, bệnh điển hình bởi những cơn đau nhức, bỏng rát thần kinh dữ dội, được mô tả như bị dao cứa, bỏng rát, thậm chí còn dữ dội hơn cả cơn đau chuyển dạ. Đáng chú ý, đến nay vẫn chưa có phương pháp điều trị dứt điểm bệnh zona. Tuy nhiên, bệnh đã có vắc xin phòng ngừa, được các chuyên gia đánh giá là phương pháp “điều trị” bệnh zona thần kinh chủ động, giúp giảm đau hơn 90%, giảm biến chứng đột quỵ, điếc, liệt, mù lòa…', N'NT000001', N'EM000001', CAST(N'2024-11-11T00:00:00.0000000' AS DateTime2), CAST(N'2026-12-11T00:00:00.0000000' AS DateTime2), 1, N'/Uploads/news/images/6c4d1031-8d35-4f14-b681-c84637a0866c_tiem-phong-vaccine-zona-than-kinh.jpg')
INSERT [dbo].[News] ([Id], [Content], [Title], [Preview], [News_Type_Id], [AuthorId], [PostDate], [ExpiryDate], [Status], [Thumbnail]) VALUES (N'NW000017', N'<p class="ql-align-justify">Những ngày qua, thời tiết TP.HCM bắt đầu trở lạnh, xuất hiện mưa rải rác. Khu vực phía Bắc, nhiệt độ bắt đầu hạn thấp, chuẩn bị bước vào mùa rét đậm cuối năm. Thời tiết cực đoan là yếu tố nguy cơ cho nhiều loại virus, vi khuẩn phát triển mạnh tấn công hệ hô hấp gây ra các triệu chứng ho, sốt, sổ mũi, đau họng… Trong đó có thể kể đến các tác nhân truyền nhiễm như cúm, phế cầu, bạch hầu, ho gà, sởi… đều đã có vắc xin phòng ngừa.</p><p class="ql-align-justify"><br></p><p class="ql-align-justify">Trong tình hình bệnh hô hấp tăng cao cuối năm, Hệ thống&nbsp;trung tâm tiêm chủng FVC cũng ghi nhận hàng nghìn người cao tuổi đến tiêm phòng bệnh vào giai đoạn này. Đại diện VNVC cho biết việc tăng lượt tiêm chủng ở người cao tuổi cuối năm là một tín hiệu đáng mừng cho thấy ý thức phòng bệnh của cộng đồng đã cao hơn trước. Hiện, tiêm chủng không còn là khái niệm dành cho trẻ nhỏ mà còn là biện pháp phòng bệnh cho cả thanh thiếu niên, người trưởng thành, người cao tuổi trước nhiều bệnh truyền nhiễm nguy hiểm, biến chứng nặng, đe dọa sức khỏe.</p>', N'Tăng cao người dân đến VNVC tiêm vắc xin bảo vệ phổi cuối năm', N'Thời điểm cuối năm, lượt khách hàng là người lớn, người cao tuổi đến VNVC tiêm các vắc xin phòng viêm phổi tăng cao như vắc xin cúm, phế cầu, sởi, bạch hầu, ho gà… Lượng tăng đáng kể tập trung ở nhóm vắc xin phòng bệnh hô hấp như vắc xin cúm, vắc xin phế cầu. Phần lớn người dân có nhận thức bảo vệ phổi khi thời tiết lạnh dần, đặc biệt là các bệnh hô hấp đang diễn biến phức tạp ở nhiều địa phương.', N'NT000001', N'EM000001', CAST(N'2024-11-11T00:00:00.0000000' AS DateTime2), CAST(N'2026-12-11T00:00:00.0000000' AS DateTime2), 1, N'/Uploads/news/images/e50d5423-a94e-49cb-aa20-f6797ca260a9_khach-hang-tiem-vac-xin-viem-phoi.jpg')
INSERT [dbo].[News] ([Id], [Content], [Title], [Preview], [News_Type_Id], [AuthorId], [PostDate], [ExpiryDate], [Status], [Thumbnail]) VALUES (N'NW000018', N'<p class="ql-align-justify">Theo nhận định của các chuyên gia, dịch sốt xuất huyết năm nay khởi phát sớm và diễn biến nghiêm trọng hơn so với các năm trước. Mặc dù trẻ em dễ mắc bệnh, người lớn cũng không tránh khỏi nguy cơ và có thể gặp biến chứng nặng.</p><p class="ql-align-justify"><br></p><p class="ql-align-justify">Dù có cơ chế bệnh lý tương tự, nhưng người lớn thường đối mặt với các diễn biến nghiêm trọng hơn, như sốt kéo dài, xuất huyết tiêu hóa, tụt huyết áp, sốc do mất máu, suy tim, suy thận, suy đa tạng, xuất huyết não, tràn dịch màng phổi, thậm chí tử vong. Sự nguy hiểm của bệnh đòi hỏi cảnh giác cao ở cả trẻ em lẫn người lớn.</p><p class="ql-align-justify"><br></p><p class="ql-align-justify">Điển hình là bệnh nhân Khoa (19 tuổi) đang được điều trị tại bệnh viện Nhân dân Nhân dân Gia Định. Hai ngày trước khi nhập viện, Khoa bị sốt cao kèm theo tiêu chảy, nôn ói và chán ăn. Nghĩ rằng mình chỉ bị cảm lạnh thông thường, Khoa đã tự mua thuốc Tây và truyền nước tại nhà. Sau đó, Khoa tiếp tục đi làm và trong lúc làm, Khoa ngất xỉu được đưa vào cấp cứu. Kết quả siêu âm cho thấy có xuất huyết trong ổ bụng. Tại bệnh viện, Khoa trong tình trạng mệt mỏi, nôn nhiều, tiểu ít và xét nghiệm cho thấy tiểu cầu giảm xuống còn 160.</p>', N'Sốt xuất huyết nặng tăng, người trưởng thành, thanh niên khỏe mạnh cũng biến chứng nguy hiểm', N'Tính đến cuối tháng 11/2024, cả nước ghi nhận gần 115.000 ca mắc, 18 ca tử vong do sốt xuất huyết, số lượng bệnh nhân mắc sốt xuất huyết nhập viện trong tình trạng nặng, nguy kịch vẫn tiếp tục gia tăng.', N'NT000001', N'EM000001', CAST(N'2024-11-11T00:00:00.0000000' AS DateTime2), CAST(N'2026-12-11T00:00:00.0000000' AS DateTime2), 1, N'/Uploads/news/images/36f55123-6b57-431a-b120-3b0e4b566ca9_benh-nhan-sot-xuat-huyet-nang-1.jpg')
INSERT [dbo].[News] ([Id], [Content], [Title], [Preview], [News_Type_Id], [AuthorId], [PostDate], [ExpiryDate], [Status], [Thumbnail]) VALUES (N'NW000019', N'<p class="ql-align-justify">Ngày 25/11/2024 vừa qua, ông Lê Quang Hùng, Giám đốc Sở Y tế Bình Định, cho biết số ca&nbsp;<strong style="color: rgb(51, 122, 183);">cúm A/H1N1</strong>&nbsp;chuyển nặng và tử vong tại tỉnh này đang tăng nhanh trong hai tuần qua. Tỉnh ghi nhận 9 ca nhiễm virus cúm A/H1N1pdm09, phân bố tại Quy Nhơn (4 ca), Phù Mỹ (3 ca), An Nhơn (1 ca) và Vĩnh Thạnh (1 ca); trong đó 4 ca tử vong gồm 3 ở Phù Mỹ và 1 ở Vĩnh Thạnh. Tính đến ngày 20/11, toàn tỉnh có 842 ca cúm và 22 ca viêm phổi nặng nghi do virus.</p><p class="ql-align-justify">Virus cúm A/H1N1 xuất hiện từ đại dịch cúm năm 2009, lưu hành quanh năm. Sở Y tế lo ngại tình hình </p><p class="ql-align-justify">có thể diễn biến phức tạp, yêu cầu các cơ sở y tế cách ly và thông báo kịp thời khi phát hiện ca nghi nhiễm, đồng thời lấy mẫu giải trình tự gene để giám sát chủng virus, phát hiện sớm nguy cơ. Bệnh nhân nhiễm cúm A/H1pdm cần dùng thuốc kháng virus ngay, trường hợp nặng cần điều trị hồi sức tích cực và chuyển tuyến kịp thời để giảm nguy cơ tử vong.</p><p><br></p>', N'Cúm A/H1N1: 9 ca mắc, 4 ca tử vong, người dân cần chủ động tiêm phòng sớm!', N'Chỉ trong 1 tháng, Sở Y tế tỉnh Bình Định ghi nhận 9 ca dương tính với cúm A/H1N1, trong đó 4 người đã tử vong. Trước diễn biến trên, Sở Y tế tỉnh Bình Định đã có văn bản khẩn gửi đến các bệnh viện, cơ sở y tế, trung tâm y tế và các phòng khám đa khoa về tăng cường các biện pháp phòng, chống dịch cúm trên toàn địa bàn.', N'NT000001', N'EM000001', CAST(N'2024-11-11T00:00:00.0000000' AS DateTime2), CAST(N'2026-12-11T00:00:00.0000000' AS DateTime2), 1, N'/Uploads/news/images/dfb72e22-7acc-4d57-9b27-e823b8205a55_benh-nhan-cum-a-h1n1.jpg')
INSERT [dbo].[News] ([Id], [Content], [Title], [Preview], [News_Type_Id], [AuthorId], [PostDate], [ExpiryDate], [Status], [Thumbnail]) VALUES (N'NW000020', N'<p class="ql-align-justify">Hệ thống tiêm chủng VNVC vừa cho biết thời gian gần đây, nhiều công ty, doanh nghiệp, tổ chức đã liên hệ để tiêm vắc xin phòng bệnh sốt xuất huyết cho cán bộ, công nhân viên ngay tại nơi làm việc nhưng rất quan tâm về an toàn tiêm chủng và chất lượng, hiệu quả của vắc xin phòng bệnh với lý do là đây là bệnh nguy hiểm, nên nếu tiêm vắc xin thì cần đạt được tối ưu hiệu quả và giảm thiểu nguy cơ các phản ứng sau tiêm. Chỉ trong hơn 3 tháng qua, hơn 50 cơ quan, doanh nghiệp và tổ chức đã đăng ký tiêm vắc xin sốt xuất huyết cho người lao động. Số lượng tiêm từ vài chục để vài trăm người/mỗi đơn vị.</p><p class="ql-align-justify"><br></p><p class="ql-align-justify">Chiều 23/11, gần 400 công nhân lao động thuộc khu công nghiệp Mai Trung, thành phố Bến Cát, tỉnh Bình Dương đã được tiêm vắc xin phòng bệnh sốt xuất huyết. Chờ theo dõi sau tiêm, anh Huỳnh Nhật Trường (22 tuổi) chia sẻ từng mắc sốt xuất huyết nặng, phải nhập viện điều trị nửa tháng với các triệu chứng vật vã, nôn ói, sốt li bì, tốn kém gần chục triệu đồng viện phí, mất tiền lương vì nghỉ làm. Khu vực nhà trọ của anh ở gần rừng cao su, thường mưa nhiều nên có rất nhiều muỗi.</p><p><br></p>', N'Nhiều doanh nghiệp đăng ký tiêm vắc xin sốt xuất huyết cho người lao động', N'Trước tình hình dịch sốt xuất huyết tăng cao nguy cơ ảnh hưởng đến lao động, sản xuất, nhiều doanh nghiệp chủ động tìm đơn vị tiêm vắc xin an toàn bảo vệ sức khoẻ cán bộ, công nhân.', N'NT000001', N'EM000001', CAST(N'2024-11-11T00:00:00.0000000' AS DateTime2), CAST(N'2026-12-11T00:00:00.0000000' AS DateTime2), 1, N'/Uploads/news/images/1e67e8ea-4c40-466d-96e7-e458d56b2802_doanh-nghiep-dang-ky-tiem-vac-xin-sot-xuat-huyet-cho-nguoi-lao-dong-1.jpg')
INSERT [dbo].[News] ([Id], [Content], [Title], [Preview], [News_Type_Id], [AuthorId], [PostDate], [ExpiryDate], [Status], [Thumbnail]) VALUES (N'NW000021', N'<p class="ql-align-justify">Tuổi vị thành niên là giai đoạn chuyển tiếp quan trọng từ thơ ấu sang trưởng thành, đánh dấu những thay đổi mạnh mẽ về sinh học, tâm lý, cảm xúc, trí tuệ và các mối quan hệ xã hội. Đây cũng là thời kỳ thanh thiếu niên bắt đầu khám phá đời sống tình cảm và tình dục, hình thành nhận thức ban đầu về sự gắn kết và tò mò giới tính, tính dục. Vì vậy, giáo dục giới tính và sức khỏe sinh sản đóng vai trò then chốt, giúp các bạn trẻ hiểu đúng về tình dục an toàn, đồng thời xây dựng nền tảng cho các quyết định và mối quan hệ lành mạnh trong tương lai.</p><p class="ql-align-justify"><br></p><p class="ql-align-justify">Đặc biệt, ở nữ giới vị thành niên, giai đoạn dậy thì mang lại những thay đổi rõ rệt về cả ngoại hình và sinh lý, khiến các em dễ bối rối hoặc tổn thương. Những thay đổi phổ biến bao gồm chiều cao, cân nặng tăng trưởng, phát triển ngực, mọc lông mu, xuất hiện mùi cơ thể, tiết dịch âm đạo và quan trọng nhất là bắt đầu chu kỳ kinh nguyệt – một trải nghiệm thường khiến các em lo lắng, hoang mang nếu không được chuẩn bị tâm lý và kiến thức đầy đủ.</p><p class="ql-align-justify"><br></p><p class="ql-align-justify">Hành kinh là hiện tượng chảy máu từ âm đạo ra ngoài có tính chất chu kỳ hàng tháng và hiện tượng này là do trứng không được thụ tinh, niêm mạc tử cung bong ra và thải ra ngoài. Máu kinh đỏ nhưng không đông, chỉ chứa ¾ là máu, còn lại là các chất của niêm mạc tử cung. Bình thường trẻ nữ khoảng 13 – 15 tuổi sẽ bắt đầu chu kỳ kinh nguyệt, thời gian ra máu kinh thường 3 – 5 ngày, có những trường hợp đặc biệt chỉ có 2 ngày hoặc kéo dài tới 7 ngày.</p><p class="ql-align-justify"><br></p><p class="ql-align-justify">Ở các trẻ nữ mới dậy thì, hệ thống nội tiết – sinh dục hoạt động chưa nhịp nhàng, vì vậy kinh nguyệt thường chưa đều đặn. Thời gian đầu mới có kinh có thể gặp những hiện tượng thất thường như chu kỳ có khi kéo dài, có khi không có, có khi ra máu nhiều, có khi ra máu ít. Nguyên nhân thường là do trứng chưa rụng, biến đổi lượng các nội tiết tố chưa điều hoà. Tuy nhiên, sau một khoảng thời gian, kinh nguyệt sẽ trở nên ổn định. Nếu tình trạng này kéo dài trẻ cần đưa đi khám để được tư vấn và chữa trị.</p><p class="ql-align-justify"><br></p><p class="ql-align-justify">BS.CKI Nguyễn Huy Cường, Bác sĩ Sản Phụ khoa, Phòng khám Đa khoa Tâm Anh Quận 7&nbsp;cho biết, các em nữ sinh cần phải được hướng dẫn vệ sinh vào những ngày hành kinh đúng cách, vì vi khuẩn thường phát triển nhanh chóng trong máu kinh, nếu không vệ sinh sạch sẽ, sẽ làm tiềm ẩn nguy cơ mắc các bệnh nhiễm trùng đường sinh dục. Do đó, những ngày có kinh nguyệt, cần vệ sinh, lau khô và thay băng vệ sinh tối thiểu 3 lần (sáng, trưa, tối). Tuyệt đối không sử dụng các chất khử mùi và các loại nước rửa vệ sinh, nếu không có chỉ định của bác sĩ.</p><p class="ql-align-justify"><br></p><p class="ql-align-justify">Đồng thời, việc khám sức khỏe định kỳ cũng rất cần thiết, đặc biệt nếu ở tuổi 15 – 16 vẫn chưa có kinh nguyệt, cần được kiểm tra và bổ sung viên sắt theo chỉ định bác sĩ để tránh thiếu máu. Ngoài ra, các bệnh phụ khoa như viêm đường tiết niệu, viêm âm đạo hay rối loạn chu kỳ kinh nguyệt cũng có thể ảnh hưởng lớn đến sức khỏe sinh sản, bố mẹ cần đặc biệt lưu tâm.</p>', N'FVC tư vấn kiến thức chăm sóc sức khỏe sinh sản cho hàng trăm nữ sinh trung học phổ thông', N'Ngày 06/12/2024, Hệ thống tiêm chủng FVC tổ chức chương trình tư vấn kiến thức chăm sóc sức khỏe vị thành niên – tuổi dậy thì cho hơn 400 nữ sinh Trường THPT Phước Long (TP. Thủ Đức, TP. Hồ Chí Minh) với sự tham gia tư vấn của các chuyên gia uy tín trong lĩnh vực tiêm chủng vắc xin, y học dự phòng, sản phụ khoa của Hệ thống tiêm chủng FVC và Bệnh viện Đa khoa Tâm Anh TP.HCM. Chương trình cung cấp nhiều thông tin thiết thực, khoa học chính thống về những căn bệnh truyền nhiễm nguy hiểm đường sinh dục, cách chăm sóc sức khỏe sinh sản, xây dựng thói quen sinh hoạt, dinh dưỡng, vệ sinh và vắc xin phòng bệnh quan trọng.', N'NT000002', N'EM000001', CAST(N'2024-11-01T15:45:00.0000000' AS DateTime2), CAST(N'2026-12-11T00:00:00.0000000' AS DateTime2), 1, N'/Uploads/news/images/0c3fc2bc-c27f-4042-93b6-70e193b3493b_tu-van-suc-khoe-sinh-san-cho-hoc-sinh.jpg')
INSERT [dbo].[News] ([Id], [Content], [Title], [Preview], [News_Type_Id], [AuthorId], [PostDate], [ExpiryDate], [Status], [Thumbnail]) VALUES (N'NW000022', N'<p class="ql-align-justify">FVC được vinh danh top 10 thương hiệu xanh trong khuôn khổ “Diễn đàn Kinh tế xanh vì một Quốc gia phát triển bền vững” năm 2024. Theo Hiệp hội Công nghiệp Môi trường Việt Nam, đơn vị tổ chức sự kiện, FVC được vinh danh vì có những đóng góp trong phát triển kinh tế xanh, bảo vệ môi trường và thực hiện tốt an sinh xã hội.</p><p class="ql-align-justify"><br></p><p class="ql-align-justify">Giải thưởng này ghi nhận kịp thời và chính xác những nỗ lực của hệ thống gần 10.000 bác sĩ, điều dưỡng, cán bộ y tế tại FVC, đặc biệt phù hợp với Chỉ thị của Thủ tướng Chính phủ ngày 9/12/2024 về triển khai một số nhiệm vụ, giải pháp trọng tâm nhằm đẩy mạnh thực hiện Chiến lược quốc gia về tăng trưởng xanh giai đoạn 2021 – 2030, tầm nhìn 2050.</p><p class="ql-align-justify"><br></p><p class="ql-align-justify">Bà Vũ Thị Thu Hà, Giám đốc Cung ứng, Hệ thống tiêm chủng FVC, cho biết FVC là hệ thống tiêm chủng hàng đầu Việt Nam về uy tín và chất lượng nên nhận thức rất rõ tầm quan trọng của việc phát triển xanh, luôn chú trọng môi trường xanh và thực hành tiết kiệm trong mọi hoạt động. Đặc biệt, FVC nỗ lực áp dụng chuyển đổi số, ứng dụng công nghệ thông tin để quản lý, lưu trữ hồ sơ tiêm chủng trọn đời của khách hàng, cắt giảm sử dụng giấy và không gian lưu trữ, nỗ lực phát triển ứng dụng FVC Mobile App giúp khách hàng có thể tra cứu lịch sử tiêm chủng, đặt giữ vắc xin và thanh toán mọi lúc, mọi nơi.</p><p><br></p>', N'FVC được vinh danh top 10 doanh nghiệp xanh và phát triển bền vững 2024', N'Sau 8 năm thành lập, Hệ thống tiêm chủng FVC đã khẳng định uy tín, chất lượng và sự tin tưởng của hàng chục triệu khách hàng tại Việt Nam. Không chỉ nỗ lực cung ứng đầy đủ vắc xin chất lượng cao cho người dân, quy trình tiêm chủng an toàn, chi phí hợp lý, FVC còn gắn liền mọi hoạt động với trách nhiệm xã hội, trách nhiệm bảo vệ môi trường, hướng đến mục tiêu phát triển xanh và bền vững.', N'NT000002', N'EM000001', CAST(N'2024-11-11T00:00:00.0000000' AS DateTime2), CAST(N'2026-12-11T00:00:00.0000000' AS DateTime2), 1, N'/Uploads/news/images/a125d30f-a8ec-4c84-8e4f-d496e3611e40_vnvc-duoc-vinh-danh-top-10-thuong-hieu-xanh-va-phat-trien-ben-vung-thumb.jpg')
INSERT [dbo].[News] ([Id], [Content], [Title], [Preview], [News_Type_Id], [AuthorId], [PostDate], [ExpiryDate], [Status], [Thumbnail]) VALUES (N'NW000023', N'<p class="ql-align-justify">Bên cạnh sứ mệnh nâng cao tỷ lệ bao phủ vắc xin ở trẻ em và người lớn tại Việt Nam, Hệ thống tiêm chủng VNVC luôn tiên phong trong các hoạt động nâng cao hiểu biết của cộng đồng về các bệnh truyền nhiễm, tiêm phòng vắc xin thông qua hàng loạt chương trình, cuộc thi, hoạt động truyền thông đa phương tiện… Trong đó,&nbsp;FVC&nbsp;đã tổ chức hàng trăm buổi tư vấn sức khỏe tại trường học trên toàn quốc.</p><p class="ql-align-justify"><br></p><p class="ql-align-justify">Trong tháng 11, hành trình đưa vắc xin về trường học của FVC&nbsp;càng thêm ý nghĩa khi chào đón không khí tri ân các quý thầy cô nhân ngày 20/11. Thông qua các chương trình tư vấn, hơn 200 trung tâm tiêm chủng FVC&nbsp;toàn quốc không chỉ nỗ lực để giúp các em học sinh tiếp cận kiến thức chăm sóc sức khỏe cho chính mình và gia đình từ các chuyên gia, bác sĩ uy tín; mà còn cố gắng dành tặng hàng triệu món quà bảo vệ sức khỏe tri ân đến quý thầy cô đang công tác và giảng dạy tại các khối trường mầm non, tiểu học, THCS &amp; PTTH, Đại học trên toàn quốc.</p><p><br></p>', N'FVC tặng hàng chục nghìn món quà tri ân thầy cô trong tháng 11', N'Chỉ riêng tháng 11/2024, Hệ thống tiêm chủng FVC đã tổ chức hàng chục buổi tư vấn sức khỏe tại trường học và trao tặng hàng chục nghìn phiếu ưu đãi cho học sinh sinh viên và quý thầy cô giáo trên cả nước. Các vắc xin được ưu đãi không chỉ là vắc xin thiết yếu mà còn là các vắc xin quý, thường xuyên khan hiếm trên thế giới như vắc xin sốt xuất huyết.', N'NT000002', N'EM000001', CAST(N'2024-11-11T00:00:00.0000000' AS DateTime2), CAST(N'2026-12-11T00:00:00.0000000' AS DateTime2), 1, N'/Uploads/news/images/5ed472fc-7ce1-4b14-acfe-9e0365735379_tu-van-suc-khoe-tai-truong-hoc.jpg')
INSERT [dbo].[News] ([Id], [Content], [Title], [Preview], [News_Type_Id], [AuthorId], [PostDate], [ExpiryDate], [Status], [Thumbnail]) VALUES (N'NW000024', N'<h2 class="ql-align-justify">FVC&nbsp;<strong>– Hệ thống trung tâm tiêm chủng lớn nhất Việt Nam về số lượng Bác sĩ, điều dưỡng, nhân viên y tế</strong></h2><p class="ql-align-justify">Chỉ trong 8 năm, Hệ thống tiêm chủng&nbsp;FVC&nbsp;phát triển mạnh mẽ, nhanh chóng mở rộng mạng lưới với hơn 200 trung tâm tiêm chủng lớn, hiện đại, an toàn trên toàn quốc, phục vụ hàng chục triệu lượt khách hàng mỗi năm. FVC&nbsp;liên tục đưa về và triển khai tiêm chủng đầu tiên tại Việt Nam nhiều loại vắc xin thế hệ mới cho trẻ em và người lớn.</p><p class="ql-align-justify"><br></p><p class="ql-align-justify">FVC&nbsp;còn nỗ lực đóng góp quan trọng cho việc thay đổi diện mạo, chất lượng lĩnh vực tiêm chủng vắc xin tại Việt Nam, mang đến cho người dân thêm sự lựa chọn dịch vụ tiêm chủng an toàn, thuận tiện, chất lượng cao về vắc xin, bảo quản, quy trình tiêm chủng và dịch vụ chăm sóc khách hàng cao cấp với chi phí hợp lý. Đặc biệt, FVC&nbsp;đã tạo dựng một môi trường làm việc chuyên nghiệp, chất lượng cao đối với lĩnh vực nhân lực của ngành y tế dự phòng, bao gồm đội ngũ bác sĩ, điều dưỡng, nhân viên y tế.</p><p><br></p>', N'FVC: Thương hiệu xuất sắc – Sản phẩm dịch vụ chất lượng – Môi trường làm việc tốt nhất Châu Á, Thái Bình Dương 2024', N'Không chỉ khẳng định vị thế, giá trị khác biệt và sức mạnh của Hệ thống Trung tâm tiêm chủng hàng đầu Việt Nam, FVC còn đầu tư lớn cho đào tạo toàn diện nâng cao chất lượng nguồn nhân lực chuyên môn cao, kỹ năng giỏi và chăm lo đời sống cho hàng chục nghìn bác sĩ, điều dưỡng, nhân viên y tế. Mới đây, FVC được vinh danh “Top 10 Thương hiệu xuất sắc – Sản phẩm dịch vụ chất lượng – Môi trường làm việc tốt nhất Châu Á, Thái Bình Dương 2024”.', N'NT000002', N'EM000001', CAST(N'2024-11-11T00:00:00.0000000' AS DateTime2), CAST(N'2026-12-11T00:00:00.0000000' AS DateTime2), 1, N'/Uploads/news/images/3faf8835-ae73-43fc-9d45-ecf4aad5453d_thumb-vnvc-top-10-thuong-hieu-xuat-sac-tam-thoi.jpg')
INSERT [dbo].[News] ([Id], [Content], [Title], [Preview], [News_Type_Id], [AuthorId], [PostDate], [ExpiryDate], [Status], [Thumbnail]) VALUES (N'NW000025', N'<p class="ql-align-justify">Trong giai đoạn tiền học đường (0 – 5 tuổi), trẻ có sức đề kháng kém và khả năng miễn dịch suy giảm dần theo thời gian bởi các vắc xin được tiêm lúc sơ sinh và thời kỳ ấu thơ đang suy giảm dần hiệu lực bảo vệ. Trẻ ở độ tuổi này dễ trở thành đối tượng tấn công của nhiều tác nhân gây bệnh truyền nhiễm nguy hiểm. Chính vì vậy, việc tiêm chủng các loại vắc xin cần thiết và tiêm nhắc lại là cực kỳ quan trọng để củng cố hệ miễn dịch cho trẻ.</p><p class="ql-align-justify"><br></p><p class="ql-align-justify">Ở Việt Nam, trẻ từ 6 tuổi trở lên không được hưởng bảo hiểm y tế 100%, gián tiếp tạo ra áp lực tài chính lớn đối với gia đình khi phải đối mặt với các chi phí điều trị bệnh truyền nhiễm.</p><p class="ql-align-justify"><br></p><p class="ql-align-justify">Tiến tới nhóm trẻ trong độ tuổi tiểu học (6 – 12 tuổi), đây là giai đoạn mà tình trạng “khoảng trống miễn dịch” phổ biến nhất do sự quên lãng trong việc tiêm nhắc và tiêm bổ sung vắc xin qua nhiều năm. Trẻ em trong độ tuổi này dễ mắc bệnh với diễn biến nặng hơn nếu không được bảo vệ đầy đủ. Do vậy, cần thiết phải tiêm nhắc và bổ sung nhiều loại vắc xin thế hệ mới như vắc xin phòng Bạch hầu, Ho gà, Uốn ván, Cúm…</p><p class="ql-align-justify"><br></p><p class="ql-align-justify">Đặc biệt từ 9 tuổi trở lên, là độ tuổi phù hợp để trẻ được tiêm vắc xin phòng ngừa các bệnh do HPV gây ra, như ung thư cổ tử cung, ung thư hậu môn, ung thư vòm họng, sùi mào gà… Đây được xem là “độ tuổi vàng” để thực hiện các biện pháp phòng ngừa chủ động, mang lại sự bảo vệ sức khỏe lâu dài cho trẻ.</p><p class="ql-align-justify"><br></p><p class="ql-align-justify">Nhóm học sinh cấp 2, cấp 3 và sinh viên đại học, tức từ 12 – 18 tuổi và từ 18 tuổi trở lên, đối diện với sự phát triển vượt bậc về cả trí tuệ, thể chất và tâm sinh lý. Đây là thời điểm các em học sinh, sinh viên có sự tiếp xúc rộng rãi hơn với các môi trường xã hội khác nhau, làm tăng nguy cơ phơi nhiễm với nhiều mầm bệnh.</p><p class="ql-align-justify"><br></p><p class="ql-align-justify">Đây cũng là nhóm tuổi thường bị bỏ quên trong nhiều năm do không được tiêm chủng đầy đủ, trong khi đây lại là thời điểm quan trọng, rất cần sức khỏe tốt để có thể đạt được những thành tựu học tập mới và thành công, hạnh phúc trong tương lai.</p><p class="ql-align-justify"><br></p><p class="ql-align-justify">Nhằm giúp các em học sinh, sinh viên nhận biết một cách rõ ràng, chính thống về sự nguy hiểm và gánh nặng của các bệnh truyền nhiễm gây ra, cũng như các biện pháp phòng bệnh hiệu quả và các loại vắc xin quan trọng cần tiêm, Hệ thống trung tâm tiêm chủng VNVC với sự đồng hành của Công ty Sanofi Việt Nam thực hiện chuỗi hoạt động tư vấn sức khỏe tại các trường tiểu học, THCS, THPT và đại học trên toàn quốc.</p><p class="ql-align-justify"><br></p><p class="ql-align-justify">Đây là sự kiện thể hiện sự nỗ lực gia tăng độ tiếp cận rộng rãi và kịp thời các thông tin khoa học, chính thống về vắc xin và tiêm chủng đến các em học sinh – sinh viên, thúc đẩy đề cao việc chủ động tiêm phòng bảo vệ sức khỏe toàn diện cho lứa tuổi học đường, góp phần đẩy lùi và hạn chế mức độ thấp nhất các loại dịch bệnh ra khỏi nhà trường và cộng đồng.</p><p><br></p>', N'FVC tăng cường tiếp cận vắc xin phòng bệnh cho học sinh, sinh viên trên toàn quốc', N'Trong hai tháng 10 và 11 năm 2024, Hệ thống trung tâm tiêm chủng FVC với sự đồng hành của Tập đoàn Dược phẩm Sanofi tổ chức chuỗi hoạt động tư vấn sức khỏe học đường cho học sinh tại các trường tiểu học, THCS, THPT và sinh viên đại học trên toàn quốc, nhằm gia tăng nhận biết của các bạn trẻ về sự nguy hiểm và gánh nặng do các bệnh truyền nhiễm gây ra cùng tầm quan trọng của việc tiêm chủng vắc xin phòng bệnh, bảo vệ sức khỏe bản thân, gia đình và xã hội, góp phần cải thiện chất lượng lực lượng trụ cột tương lai của đất nước.', N'NT000002', N'EM000001', CAST(N'2024-11-11T00:00:00.0000000' AS DateTime2), CAST(N'2026-12-11T00:00:00.0000000' AS DateTime2), 1, N'/Uploads/news/images/c7671a0d-ae70-43e6-8aea-2971673036ba_tuyen-truyen-vac-xin-cho-hoc-sinh-sinh-vien.jpg')
INSERT [dbo].[News] ([Id], [Content], [Title], [Preview], [News_Type_Id], [AuthorId], [PostDate], [ExpiryDate], [Status], [Thumbnail]) VALUES (N'NW000026', N'<p class="ql-align-justify"><strong style="color: rgb(51, 122, 183);">Vắc xin zona thần kinh</strong>&nbsp;(giời leo) có hiệu quả phòng bệnh lên đến 97%, giảm biến chứng đau thần kinh sau zona và các biến chứng nguy hiểm khác với hiệu quả hơn 90%. Người từ 50 tuổi trở lên (hệ miễn dịch bình thường) tiêm 2 mũi cách nhau 2 tháng. Người từ 18 tuổi trở lên có nguy cơ cao mắc zona thần kinh tiêm 2 mũi cách nhau 1 tháng. Hiện vắc xin này chính thức được ra mắt tại Việt Nam lần đầu tiên và triển khai tiêm duy nhất tại gần 200&nbsp;<strong style="color: rgb(51, 122, 183);">trung tâm FVC </strong>trên toàn quốc.</p><p class="ql-align-justify"><br></p><p class="ql-align-justify">Ngay sau khi ra mắt, các trung tâm tiêm chủng FVC trên cả nước đã ghi nhận rất nhiều người dân đến tiêm vắc xin zona thần kinh cùng hàng trăm lượt đặt giữ trọn phác đồ 2 mũi.</p><p class="ql-align-justify">Có mặt tại FVC Hoàng văn Thụ từ sáng sớm, anh Phan Cự Nhân (48 tuổi, Quận Tân Phú, TPHCM) là một trong những Khách hàng đầu tiên tiêm vắc xin ngừa bệnh zona thần kinh tại Việt Nam. Chia sẻ về hành trình chiến đấu với bệnh zona thần kinh cách đây 4 năm, anh cho biết ban đầu bệnh chỉ xuất hiện một mụn nước ở cổ bên phải, sau đó mụn nước này lan rộng ra như “vỡ đê”, gây tình trạng khó chịu và đau nhức dữ dội.</p><p class="ql-align-justify"><br></p><p class="ql-align-justify">“<em>Tôi thuộc tuýp người bị suy giảm miễn dịch và bác sĩ cũng khuyên là nên tiêm vắc xin zona thần kinh này để phòng bệnh. Tôi vừa mới biết được là FVCcó vắc xin zona cho nên tôi tiêm ngay hôm nay, bởi vì cách đây 4 năm tôi đã từng bị zona một lần rồi và nó đau khủng khiếp. Tôi hy vọng sau khi tiêm vắc xin sẽ giúp cho mình phòng trừ những bệnh liên quan đến zona thần kin</em>h”, anh Nhân bày tỏ.</p><p><br></p>', N'Những Khách hàng đầu tiên tiêm vắc xin zona thần kinh', N'Ngày 4/10/2024, Hệ thống tiêm chủng FVC tiếp tục đưa về Việt Nam, ra mắt và triển khai tiêm loại vắc xin mới khan hiếm trên thị trường thế giới – vắc xin zona thần kinh (giời leo) phòng bệnh và ngừa tái phát bệnh cho người từ 50 tuổi trở lên và người từ 18 tuổi có nguy cơ cao mắc zona (người bị suy giảm miễn dịch hoặc bị ức chế miễn dịch hoặc có khả năng bị ức chế miễn dịch do bệnh lý/liệu pháp điều trị…). Ngay từ ngày đầu ra mắt, FVC đã ghi nhận hàng trăm lượt Khách hàng đến tiêm và đăng ký giữ trọn phác đồ vắc xin zona thần kinh tại gần 200 trung tâm FVC trên toàn quốc.', N'NT000002', N'EM000001', CAST(N'2024-05-10T09:01:00.0000000' AS DateTime2), CAST(N'2026-12-11T00:00:00.0000000' AS DateTime2), 1, N'/Uploads/news/images/e27508d4-efca-4a3c-a56f-ff622aeb13a7_nhung-khach-hang-dau-tien-tiem-vac-xin-zona.jpg')
INSERT [dbo].[News] ([Id], [Content], [Title], [Preview], [News_Type_Id], [AuthorId], [PostDate], [ExpiryDate], [Status], [Thumbnail]) VALUES (N'NW000027', N'<p class="ql-align-justify">Tháng 5/2022, Hệ thống&nbsp;<span style="color: rgb(51, 122, 183);">Trung tâm tiêm chủng FVC</span><strong style="color: rgb(51, 122, 183);"> </strong>đã ký kết hợp tác chiến lược lâu dài về cung ứng vắc xin cùng Tập đoàn dược phẩm hàng đầu Thế giới GlaxoSmithKline – GSK (Bỉ). Sự hợp tác của Tập đoàn dược phẩm hàng đầu thế giới GSK và Hệ thống trung tâm tiêm chủng vắc xin hàng đầu Việt Nam đã khẳng định chiến lược phát triển bền vững của 2 bên với mục tiêu cam kết cung ứng vắc xin với số lượng lớn cho Việt Nam và tạo điều kiện đưa về Việt Nam thêm nhiều vắc xin mới, vắc xin quan trọng.</p><p class="ql-align-justify"><br></p><p class="ql-align-justify">Trong đó, vắc xin não mô cầu tuýp B của hãng dược phẩm GSK đã được Hệ thống tiêm chủng FVC&nbsp;triển khai tiêm chủng trên toàn quốc từ tháng 2/2024. Đến tháng 5/2024,&nbsp;Hệ thống vắc xin zona thần kinh</p><p class="ql-align-justify"><br></p><p><br></p><p class="ql-align-justify">của GSK, sản xuất tại Bỉ được Bộ Y tế phê duyệt, cấp phép lưu hành tại Việt Nam. Đến nay, Hệ thống Trung tâm tiêm chủng FVC&nbsp;đã chính thức tổ chức lễ ra mắt và triển khai tiêm vắc xin zona thần kinh cho người lớn từ 50 tuổi và người có nguy cơ cao mắc zona thần kinh từ 18 tuổi (người bị suy giảm miễn dịch hoặc bị ức chế miễn dịch hoặc có khả năng bị ức chế miễn dịch do bệnh lý/liệu pháp điều trị…) tại gần 200 trung tâm hiện đại trên toàn quốc.</p><p class="ql-align-justify"><br></p><p class="ql-align-justify">BS.CKI Bạch Thị Chính, Giám đốc Y khoa Hệ thống tiêm chủng FVC, cho biết vắc xin zona thần kinh (giời leo) được hãng dược phẩm GSK đưa vào sử dụng trên thế giới từ năm 2017. Đến nay, vắc xin này đã được phê duyệt và sử dụng ở hơn 50 nước, trong đó nhiều nước đã đặt hàng số lượng lớn để đưa vào chương trình tiêm chủng quốc gia cho toàn dân như vương quốc Anh, Úc, Hy Lạp, Canada, Đức, Ý, New Zealand…</p><p class="ql-align-justify"><br></p><p class="ql-align-justify">Vắc xin được sản xuất theo công nghệ bất hoạt, tái tổ hợp và công thức chứa dược chất đặc biệt giúp tăng hiệu quả trên người cao tuổi, người có bệnh nền, người suy giảm miễn dịch do bệnh lý. Vắc xin có hiệu quả phòng ngừa&nbsp;zona thần kinh lên đến 97% ở người từ 50 tuổi trở lên và đến 87% trên người từ 18 tuổi bị suy giảm miễn dịch do bệnh lý đồng thời giảm biến chứng đau thần kinh sau zona và các biến chứng khác hơn 90%.</p><p class="ql-align-justify"><br></p><p class="ql-align-justify">Vắc xin được chỉ định cho người lớn từ 50 tuổi trở lên và người từ 18 tuổi có nguy cơ cao mắc zona thần kinh (người bị suy giảm miễn dịch hoặc bị ức chế miễn dịch hoặc có khả năng bị ức chế miễn dịch do bệnh lý/liệu pháp điều trị…). Người từ 50 tuổi trở lên tiêm 2 mũi cách nhau 2 tháng. Người từ 18 tuổi trở lên có nguy cơ cao mắc zona thần kinh tiêm 2 mũi cách nhau 1 tháng.</p>', N'FVC ra mắt và triển khai tiêm vắc xin zona thần kinh đầu tiên tại Việt Nam', N'Ngày 04/10/2024, tại FVC Hoàng Văn Thụ (TP.HCM), Hệ thống Trung tâm tiêm chủng FVC tổ chức buổi lễ ra mắt vắc xin phòng zona thần kinh, đồng thời triển khai tiêm phòng cho người từ 50 tuổi trở lên sức khỏe bình thường và người từ 18 tuổi có nguy cơ cao mắc bệnh (người bị suy giảm miễn dịch hoặc bị ức chế miễn dịch hoặc có khả năng bị ức chế miễn dịch do bệnh lý/liệu pháp điều trị…). Đây là lần đầu tiên người dân nước ta được tiếp cận với vắc xin phòng bệnh zona thần kinh, một loại vắc xin thường xuyên khan hiếm trên thế giới, đã được chứng minh tính hiệu quả, an toàn, miễn dịch lâu dài bền vững.', N'NT000002', N'EM000001', CAST(N'2024-11-11T00:00:00.0000000' AS DateTime2), CAST(N'2026-12-11T00:00:00.0000000' AS DateTime2), 1, N'/Uploads/news/images/797898f7-dba8-4a1f-915e-91f9256845bb_tiem-vac-xin-phong-benh-zona-than-kinh.jpg')
INSERT [dbo].[News] ([Id], [Content], [Title], [Preview], [News_Type_Id], [AuthorId], [PostDate], [ExpiryDate], [Status], [Thumbnail]) VALUES (N'NW000028', N'<p class="ql-align-justify">Sáng 26 và 27/9 vừa qua, Hệ thống tiêm chủng FVC&nbsp;đã huy động gần 20 đội tiêm, gồm nhiều bác sĩ, điều dưỡng, nhân viên y tế triển khai tiêm vắc xin MRVAC (Việt Nam) phòng bệnh sởi&nbsp;cho hàng nghìn học sinh tại trường Tiểu học Lê Văn Thọ (gần 1.500 mũi) và trường Tiểu học Quới Xuân (gần 1.100 mũi). Dưới sự hướng dẫn của nhân viên y tế và nhà trường, phụ huynh và học sinh được hỗ trợ tiêm vắc xin an toàn theo đúng quy trình của FVC&nbsp;, buổi tiêm chủng diễn ra rất nhanh chóng.</p><p class="ql-align-justify"><br></p><p class="ql-align-justify">Một trong những gia đình có mặt sớm nhất tại trường tiểu học Lê Văn Thọ vào ngày 26/9, anh Hoàng Đình Khánh (ngụ phường Tân Thới Hiệp, Quận 12, TP.HCM) phụ huynh học sinh chia sẻ: “Khi nghe thông tin FVC&nbsp;phối hợp cùng nhà trường tổ chức tiêm vắc xin sởi miễn phí cho học sinh, tôi đã rất mừng vì con được bảo vệ trong thời điểm nhiều báo đài đưa tin về dịch sởi tại TP.HCM. Mặc dù là điểm tiêm lưu động tại trường học, nhưng các bác sĩ, điều dưỡng của FVC&nbsp;đã hướng dẫn vô cùng nhiệt tình, giúp con tôi vượt qua nỗi sợ tiêm chủng”. Theo anh Khánh, lần tiêm đầu tiên của con gái anh là lúc 9 tháng tuổi, tới nay mới tiêm nhắc lại mũi 2.</p><p class="ql-align-justify"><br></p><p class="ql-align-justify">Không chỉ có anh Khánh, chị Nguyễn Thị Thu Thanh đưa con trai đang học lớp 1 tại trường đi tiêm cho biết, bé nhà mình chưa được tiêm hầu hết những mũi nhắc lại. Khi nghe nói có dịch sởi tại thành phố, tôi rất lo, sợ con sẽ bị lây nhiễm chéo từ các bạn cùng trường. Tôi cũng dự định đưa con đi tiêm chủng sớm, nhưng may mắn FVC&nbsp;đã tổ chức tiêm lưu động miễn phí vắc xin sởi ngay tại trường, rất thuận tiện cho con và gia đình sắp xếp tiêm. Đội ngũ bác sĩ, điều dưỡng của FVC&nbsp;rất chuyên nghiệp và nhẹ nhàng với bé, hỏi han kỹ lưỡng tình trạng sức khỏe và các thông tin cần thiết trước khi tiến hành tiêm phòng. Mặt khác, khi nghe đến đội tiêm của FVC&nbsp;tôi hoàn toàn yên tâm vì đợt dịch Covid-19 bùng phát tôi cũng đã tiêm với FVC&nbsp;rồi.</p><p><br></p>', N'FVC TPHCM tiêm vắc xin sởi MRVAC miễn phí tại trường học', N'Nhằm đẩy nhanh tốc độ bao phủ vắc xin sởi cho trẻ em từ 1-10 tuổi tại TPHCM, 39 trung tâm tiêm chủng FVC tại TPHCM triển khai tiêm chiến dịch tăng cường tại các trường học. Sau nửa tháng tham gia cùng Sở Y tế TPHCM trong chiến dịch vắc xin sởi, FVC đã tiêm được hàng nghìn mũi vắc xin MR miễn phí và hàng chục nghìn mũi vắc xin sởi các loại, góp phần đáng kể đẩy lùi dịch bệnh.', N'NT000002', N'EM000001', CAST(N'2024-01-10T10:03:00.0000000' AS DateTime2), CAST(N'2026-12-11T00:00:00.0000000' AS DateTime2), 1, N'/Uploads/news/images/c9fadefa-bb56-4288-9524-f23767d9987c_tiem-soi-mien-phi-tai-truong-hoc.jpg')
INSERT [dbo].[News] ([Id], [Content], [Title], [Preview], [News_Type_Id], [AuthorId], [PostDate], [ExpiryDate], [Status], [Thumbnail]) VALUES (N'NW000029', N'<p class="ql-align-justify">Sự kiện ký kết diễn ra trong khuôn khổ Hội thảo chuyên đề Nhật Bản – Việt Nam về cải thiện thực hành ăn dặm trong 1.000 ngày đầu đời cho trẻ em Việt Nam do Đại sứ quán Nhật Bản tại Việt Nam, Văn phòng Cơ quan hợp tác quốc tế Nhật Bản JICA và Viện dinh dưỡng quốc gia Việt Nam tổ chức, thuộc dự án “Khảo sát kiểm chứng thương mại hóa cải thiện sức khỏe Bà mẹ và Trẻ em trong 1.000 ngày đầu đời tại Việt Nam” do Cơ quan hợp tác quốc tế Nhật Bản JICA triển khai từ năm 2023.</p><p class="ql-align-justify"><br></p><p class="ql-align-justify">Theo thông tin được Viện dinh dưỡng quốc gia Việt Nam đưa ra tại cuộc hội thảo khoa học “Nhật Bản – Việt Nam về cải thiện thực hành ăn dặm trong 1.000 ngày đầu đời cho trẻ em Việt Nam” diễn ra tại Hà Nội sáng 28/9, Việt Nam đang phải chịu “gánh nặng 3 lần” về dinh dưỡng của trẻ em gồm thiếu dinh dưỡng, thừa dinh dưỡng và thiếu vi chất dinh dưỡng.</p><p class="ql-align-justify"><br></p><p class="ql-align-justify">Tại hội thảo, các chuyên gia từ Viện dinh dưỡng quốc gia Việt Nam, Hệ thống phòng khám dinh dưỡng Nutrihome, Hệ thống tiêm chủng FVC và các chuyên gia từ Nhật Bản đã thảo luận, chia sẻ thông tin khoa học về các vấn đề dinh dưỡng ở trẻ em hai nước, hướng đến mục tiêu nâng cao nhận thức và hành động thiết thực để chăm sóc dinh dưỡng toàn diện, khoa học và phù hợp cho trẻ em Việt Nam.</p><p class="ql-align-justify"><br></p><p class="ql-align-justify">Với sự chứng kiến của Lãnh đạo Bộ Y Tế, Đại sứ quán Nhật Bản tại Việt Nam, Cơ quan hợp tác quốc tế Nhật Bản JICA và Viện dinh dưỡng quốc gia Việt Nam, Hệ thống&nbsp;<span style="color: rgb(51, 122, 183);">trung tâm tiêm chủng FVC </span>đã ký kết hợp tác chiến lược với Asahi Group Foods thuộc Tập đoàn dinh dưỡng Asahi – thương hiệu lớn, uy tín có tuổi đời hơn 130 năm tại Nhật Bản.</p><p class="ql-align-justify">Hợp tác giữa 2 hệ thống lớn tại Việt Nam và Nhật Bản nhằm tiến tới những hợp tác chuyên sâu, toàn diện về chăm sóc dinh dưỡng cho trẻ em, chú trọng đến nghiên cứu khoa học, truyền thông giáo dục nâng cao nhận thức và hướng dẫn thực hành, đặc biệt tạo điều kiện thuận lợi nhất để trẻ em Việt Nam dễ dàng tiếp cận với các sản phẩm dinh dưỡng chất lượng cao từ Nhật Bản một cách thuận tiện, an toàn với chi phí hợp lý.</p><p><br></p>', N'Hệ thống tiêm chủng FVC ký kết hợp tác chiến lược với tập đoàn dinh dưỡng Asahi (Nhật Bản)', N'Sáng ngày 28/9/2024, Hệ thống Trung tâm tiêm chủng FVC cùng Viện Dinh dưỡng Quốc gia Việt Nam ký kết hợp tác chiến lược với Tập đoàn dinh dưỡng Asahi đến từ Nhật Bản, hướng đến mục tiêu nghiên cứu khoa học, truyền thông giáo dục cộng đồng về dinh dưỡng, cải thiện sức khỏe và tăng cơ hội tiếp cận các sản phẩm dinh dưỡng chất lượng cao của Nhật Bản nhằm nâng cao tầm vóc, trí tuệ cho trẻ em Việt Nam.', N'NT000002', N'EM000001', CAST(N'2024-11-11T18:04:00.0000000' AS DateTime2), CAST(N'2026-12-11T18:04:00.0000000' AS DateTime2), 1, N'/Uploads/news/images/59a32f26-be2e-4fee-b16c-a448a65473f0_Asahi-Group-Foods-ky-ket-hop-tac-voi-vnvc.jpg')
INSERT [dbo].[News] ([Id], [Content], [Title], [Preview], [News_Type_Id], [AuthorId], [PostDate], [ExpiryDate], [Status], [Thumbnail]) VALUES (N'NW000031', N'<p class="ql-align-justify">Chương trình ưu đãi nhằm mục tiêu gia tăng cơ hội và thúc đẩy nhu cầu chủ động tiêm vắc xin phòng sùi mào gà và các bệnh ung thư sinh dục nguy hiểm do HPV gây ra cho tất cả trẻ em và người lớn từ 9 – 45 tuổi. Chương trình đặc biệt ý nghĩa trong bối cảnh số ca mắc các bệnh lây qua đường tình dục ngày càng gia tăng và trẻ hóa. Đăng ký tiêm vắc xin ngay, phòng bệnh sớm cho bản thân, con trẻ và cả gia đình khỏi các gánh nặng do HPV gây ra!</p><p class="ql-align-justify"><br></p><p class="ql-align-justify"><span style="color: rgb(51, 122, 183);">HPV</span>&nbsp;(Human Papillomavirus) là virus gây u nhú ở người, lây truyền chủ yếu qua đường tình dục. Với hơn 200 chủng loại, HPV có khả năng tấn công nhiều bộ phận trên cơ thể, đặc biệt là các cơ quan sinh dục như cổ tử cung, âm hộ, âm đạo và dương vật. Trong số đó, khoảng 14 chủng HPV có nguy cơ cao, có thể gây ra những căn bệnh ung thư nghiêm trọng như ung thư cổ tử cung, ung thư âm hộ, âm đạo, dương vật, hậu môn và ung thư hầu họng.</p><p class="ql-align-justify"><br></p><p class="ql-align-justify">HPV được xác định là nguyên nhân gây ra hơn 90% các ca ung thư cổ tử cung và ung thư hậu môn, khoảng 70% ung thư âm đạo và âm hộ, khoảng 60% ung thư dương vật. Mặc dù ung thư hầu họng thường liên quan đến thuốc lá và rượu nhưng các nghiên cứu cũng chỉ ra rằng từ 60 – 70% trường hợp ung thư hầu họng có thể có sự góp mặt của HPV. Nhiều trường hợp trong số này là sự kết hợp giữa yếu tố nguy cơ từ thuốc lá, rượu và HPV.</p><p class="ql-align-justify"><br></p><p class="ql-align-justify">Các nghiên cứu hiện tại cho thấy, khoảng 4.5% các ca ung thư mới trên toàn thế giới, bao gồm ung thư cổ tử cung, đường sinh dục và ung thư đầu cổ, có liên quan đến nhiễm HPV. Trong đó, ung thư cổ tử cung chiếm đến 83% tổng số ca.</p><p class="ql-align-justify"><br></p><p class="ql-align-justify">Ước tính cho thấy, hơn 90% nam giới và 80% phụ nữ hoạt động tình dục sẽ bị nhiễm HPV trong suốt cuộc đời. Hàng năm, HPV gây ra khoảng 530.000 ca ung thư cổ tử cung, trong đó có khoảng 270.000 ca tử vong và phần lớn các trường hợp này (86% số ca, 88% số ca tử vong) xảy ra ở các quốc gia đang phát triển.</p><p class="ql-align-justify"><br></p>', N'Ưu đãi ngay 100.000 đồng cho Khách hàng tiêm vắc xin phòng HPV lần đầu tại FVC', N'Từ ngày 15/12/2024 đến hết ngày 14/01/2025, Hệ thống tiêm chủng FVC ưu đãi 100.000 đồng cho tất cả Khách hàng đến tiêm và bắt đầu phác đồ chủng ngừa vắc xin phòng HPV Gardasil 9 (Mỹ) lần đầu tại các trung tâm FVC trên toàn quốc, đồng thời tải App FVC đăng ký thành viên.', N'NT000003', N'EM000001', CAST(N'2024-12-10T00:00:00.0000000' AS DateTime2), CAST(N'2026-12-11T00:00:00.0000000' AS DateTime2), 1, N'/Uploads/news/images/7185856b-a8e6-45bc-85a3-fd7c40efc6ba_uu-dai-tiem-hpv-mui-dau-tien.jpg')
INSERT [dbo].[News] ([Id], [Content], [Title], [Preview], [News_Type_Id], [AuthorId], [PostDate], [ExpiryDate], [Status], [Thumbnail]) VALUES (N'NW000032', N'<p class="ql-align-justify">Béo phì và thừa cân đang gia tăng đáng báo động với hơn 1,9 tỷ người lớn bị thừa cân và hơn 650 triệu người béo phì mỗi năm. Không chỉ gây mất kiểm soát cân nặng, béo phì còn để lại nhiều hệ lụy nguy hiểm, đặc biệt là suy giảm chức năng miễn dịch. Các tế bào mỡ dư thừa kích thích cơ thể giải phóng chất gây viêm, tạo viêm mạn tính và làm suy yếu hoạt động của tế bào miễn dịch, từ đó giảm khả năng chống lại virus, vi khuẩn. Người béo phì vì thế dễ mắc bệnh truyền nhiễm và đối mặt với các biến chứng nặng nề hơn, điển hình trong đại dịch COVID-19 khi ghi nhận tỷ lệ tử vong cao do suy hô hấp và tổn thương đa cơ quan.</p><p class="ql-align-justify"><br></p><p class="ql-align-justify">Tình trạng béo phì thường gặp ở người có lối sống ít vận động, dinh dưỡng kém, các bệnh lý tiểu đường, rối loạn tuyến giáp và đặc biệt ở phụ nữ sau sinh – giai đoạn cơ thể dễ tích mỡ do thay đổi hormone. Ngoài ra, béo phì còn gắn liền với các bệnh lý mạn tính như tiểu đường loại 2, bệnh tim, tăng huyết áp, gan nhiễm mỡ… các bệnh này làm sức đề kháng suy yếu, tạo “vòng luẩn quẩn” giữa nhiễm trùng, khó phục hồi và các biến chứng nghiêm trọng. Hệ quả là thời gian điều trị kéo dài, tăng áp lực lên cả người bệnh và hệ thống y tế.</p>', N'FVC tặng voucher đến 1.000.000đ khi sử dụng dịch vụ tại Trung tâm Giảm cân BVĐK Tâm Anh', N'Từ ngày 12/12/2024 đến hết ngày 31/12/2024, Hệ thống tiêm chủng FVC dành tặng cho tất cả Khách hàng đăng ký Gói vắc xin cho trẻ em dưới 24 tháng tuổi phiếu ưu đãi trị giá lên đến 1.000.000 đồng khi sử dụng dịch vụ tại Trung tâm Giảm Cân Bệnh viện Đa khoa Tâm Anh.

Chương trình mang đến cơ hội nâng cao sức khỏe toàn diện cho người dân, không chỉ củng cố miễn dịch, tăng cường đề kháng, bảo vệ sức khỏe trước các bệnh truyền nhiễm nguy hiểm, mà còn chú trọng đến khía cạnh thể chất, sắc vóc và chất lượng đời sống cho người dân, đặc biệt là nhóm mẹ bỉm lấy lại vóc dáng sau sinh, trước thềm lễ hội cuối năm 2024, chuẩn bị đón Tết Nguyên Đán 2025.', N'NT000003', N'EM000001', CAST(N'2024-12-13T10:13:00.0000000' AS DateTime2), CAST(N'2026-12-11T00:00:00.0000000' AS DateTime2), 1, N'/Uploads/news/images/6b5d75c4-0ac9-44c3-9332-9e1fa515c342_tang-voucher-tai-tam-anh.jpg')
INSERT [dbo].[News] ([Id], [Content], [Title], [Preview], [News_Type_Id], [AuthorId], [PostDate], [ExpiryDate], [Status], [Thumbnail]) VALUES (N'NW000041', N'<h1 class="ql-align-justify"><strong>FVC Ba Tri khai trương, tăng cường tiêm chủng vắc xin, đáp ứng nhu cầu phòng bệnh tăng cao cuối năm</strong></h1><p class="ql-align-justify">Những ngày cuối năm 2024, tình hình bệnh truyền nhiễm trên cả nước diễn biến phức tạp, khiến hệ thống y tế đối mặt nhiều thách thức trong kiểm soát và điều trị, nguy cơ bùng phát dịch diện rộng vẫn luôn hiện hữu, đe dọa sức khỏe cộng đồng.</p><p class="ql-align-justify"><br></p><p class="ql-align-justify">Nhiều bệnh viện trên cả nước quá tải khi các ca mắc sởi, sốt xuất huyết và bệnh hô hấp tăng cao. Riêng TP.HCM, trong tuần đầu tháng 12/2024, ghi nhận 357 ca sởi, tăng 47,8% so với trung bình 4 tuần trước, nâng tổng số ca trong năm lên 2.805. Đồng thời, thành phố cũng có 659 trường hợp sốt xuất huyết và nhiều ca viêm phổi nhập viện. Tại Bến Tre, các bệnh truyền nhiễm như sốt xuất huyết, sởi, thủy đậu, quai bị vẫn là mối lo ngại, bên cạnh các ca dại tử vong. Dù tình hình được kiểm soát, Sở Y tế tỉnh khuyến cáo không lơ là khi nguy cơ bùng phát dịch trước thềm năm mới vẫn cao. Tỉnh đang tập trung đẩy nhanh tiêm chủng, triển khai tiêm vét cho trẻ chưa đủ mũi vắc xin.</p><p class="ql-align-justify"><br></p><p class="ql-align-justify">Nhằm gia tăng cơ hội tiếp cận dịch vụ tiêm chủng vắc xin chất lượng cao, đầy đủ vắc xin, tiêm an toàn, giá hợp lý, luôn bình ổn cho cho người dân, đáp ứng nhu cầu tiêm vắc xin tăng cao, góp phần kiểm soát tình hình dịch bệnh phức tạp trong khu vực ngày 25/11/2024, Trung tâm FVC Ba Tri khai trương tại số 91 – 93 đường Đông Tây, khu phố 2, thị trấn Ba Tri, huyện Ba Tri, tỉnh Bến Tre, trở thành cơ sở tiêm chủng thứ 4 tại Bến Tre.</p>', N'Khai trương FVC Ba Tri: Địa chỉ, số điện thoại, giờ làm việc', N'Ngày 17/12/2024, Trung tâm tiêm chủng FVC Ba Tri chính thức khai trương tại số 91 – 93 đường Đông Tây, khu phố 2, thị trấn Ba Tri, huyện Ba Tri, tỉnh Bến Tre, trở thành trung tâm tiêm chủng thứ 209 của Hệ thống tiêm chủng FVC trên toàn quốc, mang đến cho người dân tỉnh Bến Tre và các địa phương lân cận thêm địa chỉ tiêm chủng an toàn, uy tín ngay gần nhà, kịp thời đáp ứng nhu cầu tiêm vắc xin tăng cao trong bối cảnh dịch bệnh truyền nhiễm như viêm phổi, cúm, sởi, sốt xuất huyết, viêm não, viêm màng não… đang bùng phát mạnh và có xu hướng diễn biến ngày càng phức tạp.', N'NT000004', N'EM000001', CAST(N'2024-12-18T17:36:00.0000000' AS DateTime2), CAST(N'2026-12-11T00:00:00.0000000' AS DateTime2), 1, N'/Uploads/news/images/9852231a-f75f-4f18-87f9-a079e93a49a1_khai-truong-vnvc-ba-tri-thumb.jpg')
INSERT [dbo].[News] ([Id], [Content], [Title], [Preview], [News_Type_Id], [AuthorId], [PostDate], [ExpiryDate], [Status], [Thumbnail]) VALUES (N'NW000042', N'<p><span style="color: rgb(109, 110, 112);">Ông Nguyễn Văn Châm, Giám đốc Trung tâm tiêm chủng FVC Bình Đại&nbsp;cho biết: FVC Bình Đại sở hữu diện tích mặt bằng rộng rãi, gần 500m2&nbsp;với nhiều phòng khám, tiêm và các phòng, khu vực chức năng cao cấp, thoáng mát cho cả gia đình. Với danh mục vắc xin đa dạng hơn 50 loại vắc xin cho trẻ em và người lớn, được nhập khẩu chính hãng từ các tập đoàn dược phẩm, hãng sản xuất vắc xin hàng đầu trên toàn cầu, bảo quản trong hệ thống kho lạnh đạt chuẩn GSP tiêu chuẩn quốc tế, quy trình tiêm chủng an toàn với chi phí hợp lý, luôn bình ổn và nhiều ưu đãi, tạo điều kiện thuận lợi cho bà con “xứ dừa” và người dân cả nước nói chung dễ dàng tiếp cận dịch vụ tiêm chủng an toàn, uy tín, chất lượng hàng đầu với chi phí tiết kiệm.</span></p><p><br></p><h2 class="ql-align-justify"><strong>FVC Bình Đại khai trương, tăng cường phòng bệnh dịp cuối năm&nbsp;</strong></h2><p class="ql-align-justify"><br></p><p class="ql-align-justify">Ngày 28/11/2024, Bộ Y tế tổ chức hội nghị trực tuyến về công tác phòng chống bệnh truyền nhiễm. Thông thông tin trong buổi hội nghị, Bộ Y tế cho biết, tình hình dịch bệnh tại nước ta và thế giới trong thời gian qua diễn biến hết sức phức tạp. Các bệnh đã có vắc xin phòng ngừa từ lâu, nay gia tăng trở lại sau đại dịch Covid-19.</p><p class="ql-align-justify">Điển hình như sởi, tính từ đầu năm 2024 đến ngày 2/12, toàn khu vực miền Nam có khoảng 19.042 người mắc sởi và 7 ca tử vong. Đã có 63 ổ dịch được ghi nhận tại 16 tỉnh, thành, 46 ổ dịch đang hoạt động. Tăng gấp 56,5 lần so với cùng kỳ 2023.</p><p class="ql-align-justify"><br></p><p class="ql-align-justify">Chiến dịch tiêm vắc xin sởi tại TPHCM, Đồng Nai, Bình Dương đạt hơn 95%, nhưng số trẻ từ 1 – 10 tuổi vẫn tiếp tục gia tăng. Nhiều trẻ trong độ tuổi tiêm phòng vẫn chưa được tiêm vắc xin do nhiều lý do như thay đổi nơi ở, trẻ bị bệnh vào lúc tiêm chủng, phụ huynh không chú trọng việc tiêm phòng cho trẻ…</p><p class="ql-align-justify"><br></p><p class="ql-align-justify">Ngoài ra, số ca ho gà tại nước ta cũng đã tăng cao hơn gấp 23 lần, hơn 1.000 ca mắc và 1 ca tử vong. Số ca sốt xuất huyết, bạch hầu, cúm mùa… có xu hướng giảm so với cùng kỳ 2023. Tuy nhiên, trong đó, số ca tử vong do cúm mùa lại tăng thêm 8 trường hợp, bao gồm 4 ca tại Bình Định, 2 ca tại Hà Nội, 1 ca tử vong tại Khánh Hòa và 1 ca tại Phú Yên.</p><p class="ql-align-justify">Trước bối cảnh đó, Hệ thống tiêm chủng FVC&nbsp;chính thức đi vào hoạt động Trung tâm tiêm chủng FVC&nbsp;Đại Bình tại đường Đồng Khởi, khu phố 3, thị trấn Bình Đại, huyện Bình Đại, tỉnh Bến Tre,</p><p class="ql-align-justify"><br></p><p class="ql-align-justify">FVC&nbsp;Bình Đại mang đến cho người dân tỉnh Bến Tre nói riêng và người dân cả nước nói chung thêm địa điểm chích ngừa cao cấp, hiện đại, cung ứng đầy đủ với số lượng lớn hơn 50 loại vắc xin phòng gần 50 bệnh truyền nhiễm nguy hiểm, đáp ứng nhu cầu tiêm vắc xin phòng ngừa bệnh tật của hàng nghìn lượt khách mỗi ngày. FVC&nbsp;Bình Đại là trung tâm tiêm chủng FVC&nbsp;thứ 3 tại tỉnh Bến Tre và thứ 208 trên toàn quốc.</p><p><br></p>', N'Khai trương FVC Bình Đại: Địa chỉ, số điện thoại, giờ làm việc', N'Ngày 10/12/2024, FVC Bình Đại chính thức khai trương tại đường Đồng Khởi, khu phố 3, thị trấn Bình Đại, huyện Bình Đại, tỉnh Bến Tre; trở thành trung tâm tiêm chủng FVC thứ 3 tại tỉnh Bến Tre và là cơ sở thứ 208 trên toàn quốc.

FVC Bình Đại ra đời mang đến cho người dân địa phương và người dân trên toàn quốc thêm địa điểm tiêm chủng hiện đại, quy mô lớn, đầy đủ các loại vắc xin quan trọng cho trẻ em và người lớn, tiêm an toàn, giá hợp lý, luôn bình ổn và nhiều ưu đãi, đáp ứng tối đa nhu cầu tiêm vắc xin phòng bệnh của người dân trong bối cảnh nhiều dịch bệnh diễn biến phúc tạp trong những tháng cuối năm.', N'NT000004', N'EM000001', CAST(N'2024-11-11T00:00:00.0000000' AS DateTime2), CAST(N'2026-12-11T00:00:00.0000000' AS DateTime2), 1, N'/Uploads/news/images/e481be5a-229a-4303-a8d1-24ef7433e4c3_khai-truong-vnvc-binh-dai.jpg')
INSERT [dbo].[News] ([Id], [Content], [Title], [Preview], [News_Type_Id], [AuthorId], [PostDate], [ExpiryDate], [Status], [Thumbnail]) VALUES (N'NW000051', N'<p class="ql-align-justify">Theo thống kê của Bộ Y tế, 90% phụ nữ Việt Nam trong độ tuổi sinh sản (15 – 49 tuổi) mắc bệnh liên quan phụ khoa ít nhất một lần trong đời. Số ca bệnh gia tăng mỗi năm từ 15 – 27% và có xu hướng trẻ hóa, không chỉ gặp ở phụ nữ đã lập gia đình hay trải qua sinh nở, mà ngay cả những thiếu nữ chưa từng quan hệ tình dục cũng có nguy cơ mắc bệnh. Khoảng 11% trường hợp tái nhiễm nhiều lần.</p><p class="ql-align-justify"><br></p><p class="ql-align-justify">Trong các bệnh phụ khoa, ung thư cổ tử cung và ung thư vú là 2 bệnh ung thư phổ biến mà nữ giới cần chủ động khám sàng lọc định kỳ và dự phòng bằng vắc xin phòng HPV với bệnh ung thư cổ tử cung.</p><p class="ql-align-justify"><br></p><p class="ql-align-justify">Ở nam giới, trong vài năm trở lại đây, tình trạng lây nhiễm các bệnh qua đường tình dục (lậu, giang mai, sùi mào gà, HIV, viêm gan B…) đang tăng lên đáng kể. Nếu vào năm 2019 tỷ lệ lây nhiễm là khoảng 65%, thì vào năm 2021 con số này đã lên đến 79,1%. Điều đáng lo ngại hơn là sự gia tăng nhanh chóng của các trường hợp lây nhiễm HIV trong giới trẻ. Theo thống kê, hằng năm có khoảng 50.000 bệnh nhân đến khám và điều trị ở các cơ sở y tế nhưng số người mắc bệnh thực sự ước tính cao gấp 10 lần, vào khoảng 500.000 bệnh nhân.</p><p class="ql-align-justify"><br></p><p class="ql-align-justify">Chăm sóc sức khỏe sinh sản và tình dục là vô cùng quan trọng đối với nam giới ở mọi độ tuổi. Nam giới sẽ gặp những bệnh lý khác nhau theo từng độ tuổi. Nếu như đàn ông trung niên thường gặp các vấn đề rối loạn hoạt động tình dục do suy giảm hormone sinh dục do tuổi tác thì người trưởng thành thường gặp các bệnh lây nhiễm qua đường tình dục, hiếm muộn…</p><p class="ql-align-justify"><br></p><p class="ql-align-justify">Khi gặp các triệu chứng bất thường về sức khỏe sinh sản, cả nam và nữ giới thường có tâm lý e ngại đi khám phụ khoa, nam khoa; mà dựa vào kinh nghiệm cá nhân hoặc các nguồn thông tin không chính thống để tự chẩn đoán bệnh lý của mình. Thay vào đó, trực tiếp tiến hành thăm khám tại các cơ sở y tế chuyên khoa sẽ giúp các bác sĩ chuyên môn đưa ra chẩn đoán chính xác về tình trạng sức khỏe và phát hiện bệnh lý nếu có.</p><p class="ql-align-justify">Việc không kịp thời phát hiện và điều trị có thể dẫn đến tình trạng bệnh trở nên nghiêm trọng hơn, tiến triển xấu, thậm chí có thể dẫn đến vô sinh và ảnh hưởng nghiêm trọng đến sức khỏe tổng thể.</p><p class="ql-align-justify"><br></p><p class="ql-align-justify">Bên cạnh việc thăm khám, tầm soát để đảm bảo sức khỏe sinh sản, cả nam và nữ giới đều cần chủ động phòng các bệnh lây truyền qua đường tình dục bằng việc quan hệ an toàn, quan hệ chung thủy 1 vợ 1 chồng và hiệu quả nhất là tiêm vắc xin phòng HPV. HPV là nguyên nhân chính gây ra các bệnh như ung thư cổ tử cung, ung thư âm đạo/âm hộ, ung thư hầu họng, ung thư dương vật, ung thư hậu môn, sùi mào gà…</p><p class="ql-align-justify"><br></p><p class="ql-align-justify">Theo ước tính của Trung tâm Kiểm soát và Phòng ngừa Dịch bệnh Hoa Kỳ (US CDC), mỗi năm có hơn 42 triệu người ở Hoa Kỳ nhiễm HPV, trong đó có khoảng 13 triệu ca nhiễm mới. Hơn 21.000 phụ nữ và khoảng 15.000 nam giới bị ảnh hưởng bởi bệnh ung thư do HPV.</p><p class="ql-align-justify"><br></p><p class="ql-align-justify">Vậy, để chăm sóc sức khỏe sinh sản, việc phòng ngừa, phát hiện và điều trị sớm các bệnh nam khoa, phụ khoa là rất quan trọng. Để hiểu hơn về các bệnh lý này, cũng như cách phòng ngừa và điều trị hiệu quả, mời Quý Khách tham dự Lớp tư vấn sức khỏe cho người trưởng thành số 2 diễn ra vào 10h00, thứ Tư, ngày 25/12/2024 tại Câu lạc bộ Gym Renaissance Japan và giao lưu trực tuyến trên nền tảng Zoom.</p><p><br></p>', N'Chương trình cộng đồng: Lớp tư vấn sức khỏe cho người lớn, người có bệnh nền số 2', N'Vào lúc 10h00, thứ Tư, ngày 25/12/2024, Lớp tư vấn sức khỏe cho người lớn, người có bệnh nền số thứ 2 với chủ đề “Các tầm soát bệnh phụ khoa, nam khoa và vắc xin phòng ung thư do HPV cho cả gia đình” do Hệ thống tiêm chủng FVC tổ chức, với sự đồng hành của Câu lạc bộ Gym Swimming & Fitness Renaissance Japan sẽ diễn ra tại Câu lạc bộ Gym Renaissance Japan (T123, tầng 1 – 2, Aeon Mall Long Biên, 27 đường Cổ Linh, phường Long Biên, quận Long Biên, thành phố Hà Nội) và trực tuyến trên nền tảng Zoom.', N'NT000005', N'EM000001', CAST(N'2024-12-20T11:40:00.0000000' AS DateTime2), CAST(N'2026-12-11T00:00:00.0000000' AS DateTime2), 1, N'/Uploads/news/images/33548781-36d8-4b55-ba82-32df6b818860_lop-tu-van-suc-khoe-nguoi-lon-2.jpg')
INSERT [dbo].[News] ([Id], [Content], [Title], [Preview], [News_Type_Id], [AuthorId], [PostDate], [ExpiryDate], [Status], [Thumbnail]) VALUES (N'NW000052', N'<h2 class="ql-align-justify"><strong>Chăm sóc thai kỳ và những lưu ý quan trọng sau sinh</strong></h2><p class="ql-align-justify"><br></p><p class="ql-align-justify">Tình trạng sức khỏe của người mẹ là một trong những yếu tố quan trọng ảnh hưởng đến sự phát triển của thai nhi. Vì cơ thể mẹ chính là “ngôi nhà” đầu tiên của thai nhi khi bắt đầu có mặt ở trên đời. Vậy nên, ngay chính bản thân người mẹ cần phải chủ động xây dựng nền tảng sức khỏe cho “ngôi nhà” ấy thật vững chắc, nhằm đảm bảo con yêu được phát triển toàn diện ngay từ trong bụng và khỏe mạnh chào đời.</p><p class="ql-align-justify"><br></p><p class="ql-align-justify">Theo quy định tại “Hướng dẫn quốc gia về các dịch vụ chăm sóc sức khỏe sinh sản” do Bộ trưởng Bộ Y tế ban hành, kèm theo Quyết định 4128/QĐ-BYT, mỗi phụ nữ mang thai cần phải được quản lý thai và khám thai ít nhất 4 lần trong suốt hành trình mang thai. Lần thứ nhất trong 3 tháng đầu, lần thứ hai trong 3 tháng giữa và hai lần trong 3 tháng cuối.</p><p class="ql-align-justify">Chia sẻ tại buổi tư vấn, BS.CKl Trần Công Hiền – Phụ trách Khoa Sản Bệnh viện Đa khoa Khu vực Long Thành cho biết, lần khám thai đầu tiên nên được thực hiện sau trễ kinh 2 – 3 tuần, lần khám thứ hai thực hiện trong khoảng thời gian từ 11 – 13 tuần 6 ngày thai.</p><p class="ql-align-justify"><br></p><p class="ql-align-justify">Đối với 3 tháng giữa (từ 14 – 28 tuần, 6 ngày), thai phụ nên thực hiện 1 tháng khám thai một lần để được theo dõi chặt chẽ về tình trạng sức khỏe và đánh giá rủi ro gặp phải. Đối với 3 tháng cuối (từ 29 – 40 tuần), thai phụ nên khám thai theo từng đợt, như tuần 29 – 30 khám một lần, tuần 33 – 45 khám một lần và từ tuần 36 – 40 nên đi khám thai mỗi tuần một lần.</p><p class="ql-align-justify"><br></p><p class="ql-align-justify">Khám thai định kỳ đóng vai trò quan trọng trong việc theo dõi quá trình phát triển của thai nhi cũng như tình hình sức khỏe hiện tại của người mẹ.</p><p class="ql-align-justify">Từ đó, góp phần kiểm soát và giảm đáng kể nguy cơ biến chứng mang thai và sinh nở như tiền sản giật, đái tháo đường, sinh non, trẻ nhẹ cân… đồng thời thai phụ sẽ được chỉ định thực hiện các xét nghiệm cần thiết (xét nghiệm máu, nước tiểu, tiểu đường, double test, triple test, NIPT, bệnh lây qua đường tình dục…), sàng lọc hoặc tầm soát những bất thường (nếu có), nhằm chủ động trong các tình huống, góp phần mang lại trải nghiệm mang thai an toàn và khỏe mạnh.</p><p><br></p>', N'Tổng kết lớp tư vấn sức khỏe Thai, Sản số 45', N'Chiều ngày 13/12/2024, Hệ thống tiêm chủng FVC với sự đồng hành của Công ty Sanofi Việt Nam, đã tổ chức Lớp tư vấn kiến thức Thai, Sản số 45 tại Trung tâm tiêm chủng FVC Long Thành (Đồng Nai), nhận được sự quan tâm của đông đảo mẹ bầu, các cặp vợ chồng chuẩn bị đón con yêu và người dân địa phương đến lắng nghe những chia sẻ và tư vấn khoa học, hữu ích từ các chuyên gia uy tín trong lĩnh vực Y tế dự phòng và Sản khoa về các chủ đề:

Chăm sóc thai kỳ và những lưu ý quan trọng sau sinh – Trình bày bởi BS.CKl Trần Công Hiền – Phụ trách Khoa Sản Bệnh viện Đa khoa Khu vực Long Thành;
Những vắc xin quan trọng cho trẻ sơ sinh – Trình bày bởi BS. Phạm Minh Ba – Bác sĩ trưởng Trung tâm tiêm chủng FVC Long Thành, Hệ thống trung tâm tiêm chủng FVC.', N'NT000005', N'EM000001', CAST(N'2024-12-18T16:05:00.0000000' AS DateTime2), CAST(N'2026-12-11T00:00:00.0000000' AS DateTime2), 1, N'/Uploads/news/images/72e0ce36-44d3-4a04-a441-1e0c3cac4516_lop-tu-van-suc-khoe-thai-san-45.jpg')
INSERT [dbo].[News] ([Id], [Content], [Title], [Preview], [News_Type_Id], [AuthorId], [PostDate], [ExpiryDate], [Status], [Thumbnail]) VALUES (N'NW000061', N'Hệ thống Trung tâm tiêm chủng phối hợp cùng Đài Truyền hình Việt Nam tổ chức chương trình tư vấn trực tuyến cho loại NT000006', N'Tin tức về loại NT000006 b?n ghi 1', N'Chi tiết vắc xin cho loại NT000006', N'NT000006', N'EM000001', CAST(N'2024-11-11T00:00:00.0000000' AS DateTime2), CAST(N'2024-12-11T00:00:00.0000000' AS DateTime2), 1, NULL)
INSERT [dbo].[News] ([Id], [Content], [Title], [Preview], [News_Type_Id], [AuthorId], [PostDate], [ExpiryDate], [Status], [Thumbnail]) VALUES (N'NW000062', N'Hệ thống Trung tâm tiêm chủng phối hợp cùng Đài Truyền hình Việt Nam tổ chức chương trình tư vấn trực tuyến cho loại NT000006', N'Tin tức về loại NT000006 b?n ghi 2', N'Chi tiết vắc xin cho loại NT000006', N'NT000006', N'EM000001', CAST(N'2024-11-11T00:00:00.0000000' AS DateTime2), CAST(N'2024-12-11T00:00:00.0000000' AS DateTime2), 1, NULL)
INSERT [dbo].[News] ([Id], [Content], [Title], [Preview], [News_Type_Id], [AuthorId], [PostDate], [ExpiryDate], [Status], [Thumbnail]) VALUES (N'NW000063', N'Hệ thống Trung tâm tiêm chủng phối hợp cùng Đài Truyền hình Việt Nam tổ chức chương trình tư vấn trực tuyến cho loại NT000006', N'Tin tức về loại NT000006 b?n ghi 3', N'Chi tiết vắc xin cho loại NT000006', N'NT000006', N'EM000001', CAST(N'2024-11-11T00:00:00.0000000' AS DateTime2), CAST(N'2024-12-11T00:00:00.0000000' AS DateTime2), 1, NULL)
INSERT [dbo].[News] ([Id], [Content], [Title], [Preview], [News_Type_Id], [AuthorId], [PostDate], [ExpiryDate], [Status], [Thumbnail]) VALUES (N'NW000064', N'Hệ thống Trung tâm tiêm chủng phối hợp cùng Đài Truyền hình Việt Nam tổ chức chương trình tư vấn trực tuyến cho loại NT000006', N'Tin tức về loại NT000006 b?n ghi 4', N'Chi tiết vắc xin cho loại NT000006', N'NT000006', N'EM000001', CAST(N'2024-11-11T00:00:00.0000000' AS DateTime2), CAST(N'2024-12-11T00:00:00.0000000' AS DateTime2), 1, NULL)
INSERT [dbo].[News] ([Id], [Content], [Title], [Preview], [News_Type_Id], [AuthorId], [PostDate], [ExpiryDate], [Status], [Thumbnail]) VALUES (N'NW000065', N'Hệ thống Trung tâm tiêm chủng phối hợp cùng Đài Truyền hình Việt Nam tổ chức chương trình tư vấn trực tuyến cho loại NT000006', N'Tin tức về loại NT000006 b?n ghi 5', N'Chi tiết vắc xin cho loại NT000006', N'NT000006', N'EM000001', CAST(N'2024-11-11T00:00:00.0000000' AS DateTime2), CAST(N'2024-12-11T00:00:00.0000000' AS DateTime2), 1, NULL)
INSERT [dbo].[News] ([Id], [Content], [Title], [Preview], [News_Type_Id], [AuthorId], [PostDate], [ExpiryDate], [Status], [Thumbnail]) VALUES (N'NW000066', N'Hệ thống Trung tâm tiêm chủng phối hợp cùng Đài Truyền hình Việt Nam tổ chức chương trình tư vấn trực tuyến cho loại NT000006', N'Tin tức về loại NT000006 b?n ghi 6', N'Chi tiết vắc xin cho loại NT000006', N'NT000006', N'EM000001', CAST(N'2024-11-11T00:00:00.0000000' AS DateTime2), CAST(N'2024-12-11T00:00:00.0000000' AS DateTime2), 1, NULL)
INSERT [dbo].[News] ([Id], [Content], [Title], [Preview], [News_Type_Id], [AuthorId], [PostDate], [ExpiryDate], [Status], [Thumbnail]) VALUES (N'NW000067', N'Hệ thống Trung tâm tiêm chủng phối hợp cùng Đài Truyền hình Việt Nam tổ chức chương trình tư vấn trực tuyến cho loại NT000006', N'Tin tức về loại NT000006 b?n ghi 7', N'Chi tiết vắc xin cho loại NT000006', N'NT000006', N'EM000001', CAST(N'2024-11-11T00:00:00.0000000' AS DateTime2), CAST(N'2024-12-11T00:00:00.0000000' AS DateTime2), 1, NULL)
INSERT [dbo].[News] ([Id], [Content], [Title], [Preview], [News_Type_Id], [AuthorId], [PostDate], [ExpiryDate], [Status], [Thumbnail]) VALUES (N'NW000068', N'Hệ thống Trung tâm tiêm chủng phối hợp cùng Đài Truyền hình Việt Nam tổ chức chương trình tư vấn trực tuyến cho loại NT000006', N'Tin tức về loại NT000006 b?n ghi 8', N'Chi tiết vắc xin cho loại NT000006', N'NT000006', N'EM000001', CAST(N'2024-11-11T00:00:00.0000000' AS DateTime2), CAST(N'2024-12-11T00:00:00.0000000' AS DateTime2), 1, NULL)
INSERT [dbo].[News] ([Id], [Content], [Title], [Preview], [News_Type_Id], [AuthorId], [PostDate], [ExpiryDate], [Status], [Thumbnail]) VALUES (N'NW000069', N'Hệ thống Trung tâm tiêm chủng phối hợp cùng Đài Truyền hình Việt Nam tổ chức chương trình tư vấn trực tuyến cho loại NT000006', N'Tin tức về loại NT000006 b?n ghi 9', N'Chi tiết vắc xin cho loại NT000006', N'NT000006', N'EM000001', CAST(N'2024-11-11T00:00:00.0000000' AS DateTime2), CAST(N'2024-12-11T00:00:00.0000000' AS DateTime2), 1, NULL)
INSERT [dbo].[News] ([Id], [Content], [Title], [Preview], [News_Type_Id], [AuthorId], [PostDate], [ExpiryDate], [Status], [Thumbnail]) VALUES (N'NW000070', N'Hệ thống Trung tâm tiêm chủng phối hợp cùng Đài Truyền hình Việt Nam tổ chức chương trình tư vấn trực tuyến cho loại NT000006', N'Tin tức về loại NT000006 b?n ghi 10', N'Chi tiết vắc xin cho loại NT000006', N'NT000006', N'EM000001', CAST(N'2024-11-11T00:00:00.0000000' AS DateTime2), CAST(N'2024-12-11T00:00:00.0000000' AS DateTime2), 1, NULL)
INSERT [dbo].[News] ([Id], [Content], [Title], [Preview], [News_Type_Id], [AuthorId], [PostDate], [ExpiryDate], [Status], [Thumbnail]) VALUES (N'NW000071', N'<p class="ql-align-justify">“<strong style="color: rgb(51, 122, 183);">Tiêm chủng VNVC trong tôi</strong>” là sân chơi để các gia đình chia sẻ những kỷ niệm đáng nhớ và trải nghiệm thú vị về hành trình tiêm chủng vắc xin tại&nbsp;<strong style="color: rgb(51, 122, 183);">FVC</strong>. Cuộc thi không chỉ ghi lại các khoảnh khắc đáng nhớ mà còn lan tỏa thông điệp tích cực về tầm quan trọng của tiêm chủng khi các câu chuyện trở thành động lực, nâng cao nhận thức cộng đồng và khuyến khích hành động chủ động tiêm ngừa, góp phần gia tăng tỷ lệ bao phủ tiêm chủng, bảo vệ sức khỏe và cải thiện chất lượng cuộc sống.</p><p class="ql-align-justify"><br></p><p>Theo thể lệ của cuộc thi, khi Khách hàng phát sinh hoá đơn tiêm chủng tại&nbsp;<span style="color: rgb(51, 122, 183);">trung tâm FVC trên toàn quốc</span>&nbsp;từ ngày 15/06/2024 đến 31/08/2024 và chụp hình check-in tại khu vực “Tiêm chủng đón hè – Lộc vàng vui khỏe”. Sau đó đăng ảnh check-in lên Facebook, kèm bài viết cảm nhận về chủ đề “Tiêm chủng FVC trong tôi”, ghi rõ họ và tên người tham gia cuộc thi (người đăng bài). Đặt bài viết ở chế độ công khai, đăng kèm bộ hashtag: #Tiem_chung_FVC_trong_toi, #Tiem_chung_don_he_loc_vang_vui_khoe, #FVC_Ten_trung_tam, #Số_phiếu và gửi link bài dự thi vào nhóm Facebook&nbsp;<a href="https://www.facebook.com/groups/419840323388507" rel="noopener noreferrer" target="_blank" style="color: rgb(51, 122, 183);"><strong>CUỘC THI VÀ SỰ KIỆN VNVC</strong></a>&nbsp;dưới dạng bài viết.</p><p><br></p><p class="ql-align-justify">Mỗi bài dự thi “Tiêm chủng FVC trong tôi” được Ban tổ chức chọn lọc dựa trên các tiêu chí sau:</p><ul><li class="ql-align-justify">Điểm nội dung (BGK chấm trên các giá trị của bài viết): 50% tổng điểm</li><li class="ql-align-justify">Điểm tương tác (tổng lượt like, share, comment): 30% tổng điểm</li><li class="ql-align-justify">Điểm hóa đơn (giá trị hóa đơn tại VNVC từ 15/6 – 31/8/2024): 20% tổng điểm</li></ul><p class="ql-align-justify"><br></p><p class="ql-align-center"><strong>CƠ CẤU GIẢI THƯỞNG CỦA CUỘC THI</strong></p><p class="ql-align-center"><br></p><ul><li class="ql-align-justify"><strong>GIẢI ĐẶC BIỆT</strong>: Mỗi giải 01 chỉ vàng 999.9;</li><li class="ql-align-justify"><strong>GIẢI NHẤT</strong>: Mỗi giải 0,5 chỉ vàng 999.9;</li><li class="ql-align-justify"><strong>GIẢI NHÌ</strong>: Mỗi giải trị giá 1,2 triệu đồng, gồm 01 Vali du lịch và + 02 Phiếu ưu đãi, mỗi phiếu ưu đãi trị giá 100.000 đồng;</li><li class="ql-align-justify"><strong>GIẢI BA</strong>: Mỗi giải trị giá 400.000 đồng, gồm Túi thời trang VNVC + Phiếu ưu đãi trị giá 100.000 đồng, hoặc Nón bảo hiểm trẻ em + Phiếu ưu đãi trị giá 100.000 đồng;</li><li class="ql-align-justify"><strong>GIẢI KHUYẾN KHÍCH</strong>: Mỗi giải trị giá 150.000 đồng bao gồm Áo mưa trẻ em FVC hoặc gối tựa cổ FVC cao cấp.</li></ul><p class="ql-align-justify"><br></p><p class="ql-align-justify"><strong>* Lưu ý quan trọng</strong>:</p><p class="ql-align-justify">Từ ngày 9/11-15/11/2024, Khách hàng trúng giải vui lòng nhắn tin cho&nbsp;Fanpage FVC để cung cấp thông tin gồm: (1) Tên nick FB (2) Họ tên theo CCCD, (3) Số điện thoại, (4) Tên trung tâm tiêm chủng + địa chỉ trung tâm, (5) Link bài dự thi trên trang cá nhân, (6) Giải thưởng đạt được. Từ ngày 1/12/2024 – 31/12/2024, Khách hàng đạt giải vui lòng đến trung tâm dự thi để nhận giải. Sau ngày 31/12/2024, Khách hàng không đến nhận giải sẽ được xem như bỏ tư cách dự thi và giải thưởng không còn hiệu lực.</p><p>Khi đến nhận giải, Khách hàng vui lòng mang theo: CCCD, tin nhắn xác nhận từ Fanpage FVC, hình ảnh bài viết dự thi trên Facebook.</p><p class="ql-align-justify"><em>Mọi thắc mắc về cuộc thi, Quý khách hàng vui lòng gửi email đến chương trình:&nbsp;</em><a href="mailto:sukien@vnvc.vn" rel="noopener noreferrer" target="_blank" style="color: rgb(51, 122, 183);"><em>sukien@vnvc.vn</em></a><em>&nbsp;để được Ban Tổ chức giải đáp.</em></p>', N'Công bố kết quả cuộc thi “Tiêm chủng FVC trong tôi"', N'Cuộc thi “Tiêm chủng FVC trong tôi” do Hệ thống tiêm chủng FVC phát động đã nhận được sự hưởng ứng tham gia của đông đảo Khách hàng trên cả nước với nhiều câu chuyện truyền tải các thông điệp tích cực và cảm hứng mạnh mẽ, từ đó là động lực để nhiều gia đình và trẻ em tiêm chủng vắc xin đầy đủ, bảo vệ sức khoẻ, hạnh phúc và tương lai. Sau thời gian cân nhắc kỹ lưỡng trên nhiều tiêu chí, Hệ thống tiêm chủng FVC quyết định trao giải cho 100% Khách hàng có bài dự thi.', N'NT000007', N'EM000001', CAST(N'2024-11-09T15:25:00.0000000' AS DateTime2), CAST(N'2026-12-11T00:00:00.0000000' AS DateTime2), 1, N'/Uploads/news/images/fc324c2b-a06d-4635-a628-aca3b5721624_cong-bo-ket-qua-cuoc-thi-tiem-chung-vnvc-trong-toi.jpg')
INSERT [dbo].[News] ([Id], [Content], [Title], [Preview], [News_Type_Id], [AuthorId], [PostDate], [ExpiryDate], [Status], [Thumbnail]) VALUES (N'NW000081', N'Hệ thống Trung tâm tiêm chủng phối hợp cùng Đài Truyền hình Việt Nam tổ chức chương trình tư vấn trực tuyến cho loại NT000008', N'Tin tức về loại NT000008 b?n ghi 1', N'Chi tiết vắc xin cho loại NT000008', N'NT000008', N'EM000001', CAST(N'2024-11-11T00:00:00.0000000' AS DateTime2), CAST(N'2024-12-11T00:00:00.0000000' AS DateTime2), 1, NULL)
INSERT [dbo].[News] ([Id], [Content], [Title], [Preview], [News_Type_Id], [AuthorId], [PostDate], [ExpiryDate], [Status], [Thumbnail]) VALUES (N'NW000082', N'Hệ thống Trung tâm tiêm chủng phối hợp cùng Đài Truyền hình Việt Nam tổ chức chương trình tư vấn trực tuyến cho loại NT000008', N'Tin tức về loại NT000008 b?n ghi 2', N'Chi tiết vắc xin cho loại NT000008', N'NT000008', N'EM000001', CAST(N'2024-11-11T00:00:00.0000000' AS DateTime2), CAST(N'2024-12-11T00:00:00.0000000' AS DateTime2), 1, NULL)
INSERT [dbo].[News] ([Id], [Content], [Title], [Preview], [News_Type_Id], [AuthorId], [PostDate], [ExpiryDate], [Status], [Thumbnail]) VALUES (N'NW000083', N'Hệ thống Trung tâm tiêm chủng phối hợp cùng Đài Truyền hình Việt Nam tổ chức chương trình tư vấn trực tuyến cho loại NT000008', N'Tin tức về loại NT000008 b?n ghi 3', N'Chi tiết vắc xin cho loại NT000008', N'NT000008', N'EM000001', CAST(N'2024-11-11T00:00:00.0000000' AS DateTime2), CAST(N'2024-12-11T00:00:00.0000000' AS DateTime2), 1, NULL)
INSERT [dbo].[News] ([Id], [Content], [Title], [Preview], [News_Type_Id], [AuthorId], [PostDate], [ExpiryDate], [Status], [Thumbnail]) VALUES (N'NW000084', N'Hệ thống Trung tâm tiêm chủng phối hợp cùng Đài Truyền hình Việt Nam tổ chức chương trình tư vấn trực tuyến cho loại NT000008', N'Tin tức về loại NT000008 b?n ghi 4', N'Chi tiết vắc xin cho loại NT000008', N'NT000008', N'EM000001', CAST(N'2024-11-11T00:00:00.0000000' AS DateTime2), CAST(N'2024-12-11T00:00:00.0000000' AS DateTime2), 1, NULL)
INSERT [dbo].[News] ([Id], [Content], [Title], [Preview], [News_Type_Id], [AuthorId], [PostDate], [ExpiryDate], [Status], [Thumbnail]) VALUES (N'NW000085', N'Hệ thống Trung tâm tiêm chủng phối hợp cùng Đài Truyền hình Việt Nam tổ chức chương trình tư vấn trực tuyến cho loại NT000008', N'Tin tức về loại NT000008 b?n ghi 5', N'Chi tiết vắc xin cho loại NT000008', N'NT000008', N'EM000001', CAST(N'2024-11-11T00:00:00.0000000' AS DateTime2), CAST(N'2024-12-11T00:00:00.0000000' AS DateTime2), 1, NULL)
INSERT [dbo].[News] ([Id], [Content], [Title], [Preview], [News_Type_Id], [AuthorId], [PostDate], [ExpiryDate], [Status], [Thumbnail]) VALUES (N'NW000086', N'Hệ thống Trung tâm tiêm chủng phối hợp cùng Đài Truyền hình Việt Nam tổ chức chương trình tư vấn trực tuyến cho loại NT000008', N'Tin tức về loại NT000008 b?n ghi 6', N'Chi tiết vắc xin cho loại NT000008', N'NT000008', N'EM000001', CAST(N'2024-11-11T00:00:00.0000000' AS DateTime2), CAST(N'2024-12-11T00:00:00.0000000' AS DateTime2), 1, NULL)
INSERT [dbo].[News] ([Id], [Content], [Title], [Preview], [News_Type_Id], [AuthorId], [PostDate], [ExpiryDate], [Status], [Thumbnail]) VALUES (N'NW000087', N'Hệ thống Trung tâm tiêm chủng phối hợp cùng Đài Truyền hình Việt Nam tổ chức chương trình tư vấn trực tuyến cho loại NT000008', N'Tin tức về loại NT000008 b?n ghi 7', N'Chi tiết vắc xin cho loại NT000008', N'NT000008', N'EM000001', CAST(N'2024-11-11T00:00:00.0000000' AS DateTime2), CAST(N'2024-12-11T00:00:00.0000000' AS DateTime2), 1, NULL)
INSERT [dbo].[News] ([Id], [Content], [Title], [Preview], [News_Type_Id], [AuthorId], [PostDate], [ExpiryDate], [Status], [Thumbnail]) VALUES (N'NW000088', N'Hệ thống Trung tâm tiêm chủng phối hợp cùng Đài Truyền hình Việt Nam tổ chức chương trình tư vấn trực tuyến cho loại NT000008', N'Tin tức về loại NT000008 b?n ghi 8', N'Chi tiết vắc xin cho loại NT000008', N'NT000008', N'EM000001', CAST(N'2024-11-11T00:00:00.0000000' AS DateTime2), CAST(N'2024-12-11T00:00:00.0000000' AS DateTime2), 1, NULL)
INSERT [dbo].[News] ([Id], [Content], [Title], [Preview], [News_Type_Id], [AuthorId], [PostDate], [ExpiryDate], [Status], [Thumbnail]) VALUES (N'NW000089', N'Hệ thống Trung tâm tiêm chủng phối hợp cùng Đài Truyền hình Việt Nam tổ chức chương trình tư vấn trực tuyến cho loại NT000008', N'Tin tức về loại NT000008 b?n ghi 9', N'Chi tiết vắc xin cho loại NT000008', N'NT000008', N'EM000001', CAST(N'2024-11-11T00:00:00.0000000' AS DateTime2), CAST(N'2024-12-11T00:00:00.0000000' AS DateTime2), 1, NULL)
INSERT [dbo].[News] ([Id], [Content], [Title], [Preview], [News_Type_Id], [AuthorId], [PostDate], [ExpiryDate], [Status], [Thumbnail]) VALUES (N'NW000090', N'Hệ thống Trung tâm tiêm chủng phối hợp cùng Đài Truyền hình Việt Nam tổ chức chương trình tư vấn trực tuyến cho loại NT000008', N'Tin tức về loại NT000008 b?n ghi 10', N'Chi tiết vắc xin cho loại NT000008', N'NT000008', N'EM000001', CAST(N'2024-11-11T00:00:00.0000000' AS DateTime2), CAST(N'2024-12-11T00:00:00.0000000' AS DateTime2), 1, NULL)
INSERT [dbo].[News] ([Id], [Content], [Title], [Preview], [News_Type_Id], [AuthorId], [PostDate], [ExpiryDate], [Status], [Thumbnail]) VALUES (N'NW000091', N'<p class="ql-align-justify">Sức khỏe là nền tảng vững chắc cho mọi thành công, đặc biệt đối với các Thầy, Cô giáo. Khi Thầy, Cô có sức khỏe tốt không chỉ có thể truyền đạt kiến thức hiệu quả, mà còn lan tỏa được nhiệt huyết và đam mê cho học sinh, sinh viên.</p><p class="ql-align-justify"><br></p><p class="ql-align-justify">Giảng dạy đòi hỏi không chỉ kiến thức sâu rộng mà còn cả sự nhẫn nại, tâm huyết và tinh thần cống hiến – tất cả đều chỉ bền vững khi có một nền tảng sức khỏe tốt. Khi Thầy, Cô khỏe mạnh, họ không chỉ hoàn thành tốt công việc giảng dạy mà còn trở thành tấm gương sáng về tinh thần sống khỏe cho học sinh noi theo.</p><p class="ql-align-justify"><br></p><p class="ql-align-justify">Trong nhịp sống hiện đại đầy áp lực, món quà sức khỏe trở thành biểu tượng ý nghĩa, là cách tri ân sâu sắc tới những người Thầy, người Cô – những người lái đò thầm lặng của sự nghiệp trồng người. Việc tặng quà sức khỏe không chỉ đơn thuần là hành động tri ân mà còn thể hiện sự quan tâm chân thành đến sức khỏe thể chất và tinh thần của Quý Thầy, Cô, để luôn vững vàng dẫn dắt thế hệ trẻ đến bến bờ tri thức và thành công.</p><p class="ql-align-justify"><br></p><p class="ql-align-justify">Từ ngày&nbsp;<strong style="color: rgb(0, 0, 0);">20/11/2024 đến 30/11/2024</strong>, Hệ thống tiêm chủng FVC trân trọng dành tặng ưu đãi&nbsp;<strong style="color: rgb(0, 0, 0);">100.000 đồng</strong>&nbsp;cho Quý Thầy, Cô đang công tác và giảng dạy tại các khối trường mầm non, tiểu học, trung học cơ sở, trung học phổ thông và đại học tại tất cả các tỉnh, thành trên toàn quốc khi tiêm vắc xin Sốt xuất huyết (Qdenga); đồng thời tặng thêm 1 phiếu ưu đãi trị giá&nbsp;<strong style="color: rgb(0, 0, 0);">50.000 đồng</strong>&nbsp;cho người thân khi tiêm mũi 1 vắc xin Sốt xuất huyết (Qdenga) tại FVC*.</p><p class="ql-align-justify"><br></p><p class="ql-align-justify">Bệnh sốt xuất huyết được Tổ chức Y tế Thế giới (WHO) đánh giá là 1 trong 10 gánh nặng y tế toàn cầu, xếp mức độ cao nhất về khẩn cấp y tế. Cứ mỗi năm, nước ta lại ghi nhận hàng trăm nghìn ca mắc sốt xuất huyết và hàng chục ca tử vong.</p><p class="ql-align-justify"><br></p><p class="ql-align-justify">Trong 5 năm trở lại đây, sốt xuất huyết tại nước ta có diễn biến ngày càng phức tạp. Điển hình như năm 2022, Việt Nam ghi nhận số ca sốt xuất huyết cao nhất trong giai đoạn 1980 – 2023 với 367.729 ca, đứng thứ hai toàn cầu, chỉ sau Brazil. Đáng lo ngại hơn, nếu như trước đây sốt xuất huyết là bệnh diễn biến theo mùa, thì giờ đây bệnh diễn ra quanh năm và xuất hiện khắp mọi nơi trên đất nước.</p><p class="ql-align-justify"><br></p><p class="ql-align-justify">Các chuyên gia truyền nhiễm cho biết sốt xuất huyết không chỉ đem lại gánh nặng bệnh tật cho người bệnh với tỷ lệ tử vong, biến chứng nặng mà còn gây sức ép lên ngành y tế, kinh tế, đe dọa an sinh xã hội. Vắc xin phòng bệnh sốt xuất huyết Qdenga ra mắt tại Việt Nam và triển khai tiêm lần đầu tiên tại hơn 200 Trung tâm Tiêm chủng FVC được đánh giá là phương pháp phòng bệnh sốt xuất huyết chủ động, hiệu quả bên cạnh các phương pháp phòng chống muỗi đốt.</p><p class="ql-align-justify"><br></p><p class="ql-align-justify"><strong style="color: rgb(51, 122, 183);">Vắc xin Qdenga</strong>&nbsp;phòng ngừa cả 4 tuýp virus gây bệnh sốt xuất huyết với hiệu quả hơn 80%, phòng nguy cơ nhập viện lên đến 90% và quan trọng nhất là phòng nguy cơ tái nhiêm cho người từng mắc bệnh sốt xuất huyết. Vắc xin Qdenga do hãng dược phẩm Takeda (Nhật Bản) nghiên cứu và phát triển trong gần 45 năm, được tiêm an toàn và rộng rãi tại hơn 40 quốc gia trên thế giới.</p><p class="ql-align-justify"><br></p><p class="ql-align-justify">Hệ thống Trung tâm Tiêm chủng FVC tự hào là nơi duy nhất tại Việt Nam có Hệ thống kho lạnh đạt chuẩn GSP theo tiêu chuẩn quốc tế và hệ thống dây chuyền bảo quản lạnh (Cold Chain) ở tất cả các trung tâm tiêm chủng trên toàn quốc. 100% bác sĩ, điều dưỡng viên có chứng chỉ an toàn tiêm chủng do Bộ Y tế cấp phát, được đào tạo thường xuyên kỹ năng xử trí phản ứng sau tiêm an toàn.</p>', N'FVC tri ân Thầy, Cô giáo nhân ngày Nhà giáo Việt Nam 20/11', N'Kỷ niệm 42 năm ngày Nhà giáo Việt Nam 20/11, Hệ thống tiêm chủng FVC dành tặng cho Quý Thầy, Cô giáo ưu đãi 100.000 đồng và ưu đãi 50.000 đồng cho người thân khi tiêm vắc xin phòng bệnh sốt xuất huyết Qdenga tại hơn 200 trung tâm FVC trên toàn quốc.', N'NT000003', N'EM000001', CAST(N'2024-12-24T21:40:00.0000000' AS DateTime2), CAST(N'2026-12-31T20:30:00.0000000' AS DateTime2), 1, N'/Uploads/news/images/217624d0-cabd-4f49-8843-1ab919a43f97_vnvc-tri-an-ngay-nha-giao-viet-nam.jpg')
INSERT [dbo].[News] ([Id], [Content], [Title], [Preview], [News_Type_Id], [AuthorId], [PostDate], [ExpiryDate], [Status], [Thumbnail]) VALUES (N'NW000092', N'<p class="ql-align-justify">Thời điểm cuối năm, thời tiết không ngừng thay đổi. Mưa nhiều kéo dài và nhiệt độ giảm sâu tạo điều kiện thuận lợi cho một loạt các bệnh truyền nhiễm nguy hiểm như cúm, viêm phổi… xuất hiện và lây lan mạnh mẽ. Sự bùng phát của những căn bệnh này đe dọa nghiêm trọng đến sức khỏe, thậm chí tính mạng của nhiều người, đặc biệt là trẻ nhỏ, phụ nữ mang thai, người cao tuổi, người suy giảm miễn dịch và những người mang bệnh lý nền. Bên cạnh đó, nhu cầu giao thương, du lịch và tham gia lễ hội tăng cao vào dịp cuối năm cũng đẩy mạnh nguy cơ lan truyền bệnh tật trong cộng đồng.</p><p class="ql-align-justify"><br></p><p class="ql-align-justify">Trước bối cảnh đó, Hệ thống&nbsp;<strong style="color: rgb(51, 122, 183);">Trung tâm tiêm chủng FVC </strong>mang đến ưu đãi cho hàng loạt các vắc xin phòng bệnh hô hấp quan trọng dịp cuối năm, điển hình là vắc xin Cúm – Phế cầu cùng hàng triệu phần quà hấp dẫn cho tất cả người dân trên cả nước, mong muốn đảm bảo người dân có cơ hội thuận lợi để tiếp cận với các loại vắc xin chất lượng cao, giá cả ổn định.</p><p class="ql-align-justify"><br></p><p class="ql-align-justify">Từ ngày 01/11/2024 đến hết ngày 31/12/2024, tất cả Khách hàng được hưởng trọn vẹn các ưu đãi sau khi tiêm vắc xin Cúm – Phế cầu tại hơn 200 trung tâm FVC trên toàn quốc. Cụ thể:</p><p class="ql-align-justify"><br></p><ul><li class="ql-align-justify"><strong>(1)</strong>&nbsp;Khách hàng đã từng tiêm vắc xin Cúm và Phế cầu (Synflorix, Prevenar 13) tại FVC khi chụp hình &amp; check in với hashtag cầm tay FVC:&nbsp;<strong>Tặng ngay 01 trong các quà tặng sau: Thú bông rồng, túi giữ nhiệt nhỏ, balo baby, bình giữ nhiệt*;</strong></li><li class="ql-align-justify"><strong>(2)</strong>&nbsp;Khách hàng đã tiêm hoặc đặt giữ Combo vắc xin Cúm – Prevenar 13 (Phế cầu 13) hoặc Combo Cúm – Pneumovax 23 (Phế cầu 23):&nbsp;<strong>Tặng ngay 01 áo mưa hoặc 01 nón bảo hiểm độc quyền FVC</strong>;</li><li class="ql-align-justify"><strong>(3)</strong>&nbsp;Khách hàng đã tiêm hoặc đặt giữ Combo vắc xin Cúm – Prevenar 13 (Phế cầu 13) và đặt giữ vắc xin Pneumovax 23 (Phế cầu 23) để tiêm tiếp:&nbsp;<strong>Tặng ngay 01 áo mưa hoặc 01 nón bảo hiểm độc quyền FVC &amp; ưu đãi ngay 50.000 đồng cho mũi đặt trước&nbsp;Pneumovax 23 (Phế cầu 23).</strong></li></ul><p class="ql-align-justify"><strong>(*) Lưu ý chung:</strong></p><ul><li class="ql-align-justify">Khách hàng cần chụp hình với hashtag, check in và đăng trên trang cá nhân với hình thức công khai;</li><li class="ql-align-justify">Giá ưu đãi áp dụng cho vắc xin Prevenar 13 là 1.190.000 đồng và đồng thời được nhận quà tặng khi tiêm/đặt giữ combo Cúm – Phế cầu. Trường hợp Khách hàng đã đặt giữ combo và nhận quà tặng, nếu có hoàn huỷ combo thì sẽ bị trừ đi giá trị quà tặng đã nhận: Áo mưa người lớn (trị giá 150.000 đồng) hoặc nón bảo hiểm người lớn (trị giá 160.000 đồng);</li><li class="ql-align-justify">Khách hàng cần hoàn tất lịch tiêm trong vòng 1 năm để hưởng ưu đãi (3). Sau thời hạn trên, Khách hàng sẽ bị thu hồi ưu đãi 50.000 đồng và tiêm theo giá lẻ niêm yết tại bảng giá. Khách hàng đã thanh toán đặt trước nếu hoàn huỷ trong thời hạn ưu đãi sẽ chịu phí hoàn huỷ là 8% trên giá trị đã thu. Sau thời hạn ưu đãi, Khách hàng sẽ chịu phí hoàn huỷ 28% trên giá lẻ tại thời điểm đó.</li></ul><p><em>(*) Hiện nay các gia đình và người cao tuổi tiêm combo vắc xin Cúm – Phế cầu tại FVC rất lớn, do đó Chương trình quà tặng có thể kết thúc sớm hơn thời gian dự kiến.</em></p>', N'FVC ưu đãi combo vắc xin Cúm, Phế cầu, khẩn trương phòng bệnh hô hấp cuối năm', N'Với mong muốn nâng cao sức khoẻ của người dân cả nước trước diễn biến cực kỳ phức tạp của nhiều dịch bệnh dịp cuối năm, đặc biệt là các bệnh hô hấp có tốc độ lây lan nhanh chóng, gây bệnh nặng, biến chứng nguy hiểm và tỷ lệ tử vong cao như cúm, viêm phổi do phế cầu… Hệ thống tiêm chủng FVC mang đến hàng triệu phiếu ưu đãi tiêm chủng vắc xin cùng vô vàn phần quà giá trị cho tất cả Khách hàng FVC đã, đang và có dự định tiêm combo vắc xin phòng bệnh hô hấp Cúm – Phế cầu, từ ngày 01/11/2024 đến hết ngày 31/12/2024.', N'NT000003', N'EM000001', CAST(N'2024-11-01T18:17:00.0000000' AS DateTime2), CAST(N'2026-12-31T20:44:00.0000000' AS DateTime2), 1, N'/Uploads/news/images/afa962ec-6563-412f-aa55-39a32b91c6f9_uu-dai-combo-cum-phe-cau.jpg')
INSERT [dbo].[News] ([Id], [Content], [Title], [Preview], [News_Type_Id], [AuthorId], [PostDate], [ExpiryDate], [Status], [Thumbnail]) VALUES (N'NW000093', N'<h2 class="ql-align-justify"><strong>FVC Thạch Thất khai trương tăng cường phòng bệnh cho người dân thành phố Hà Nội</strong></h2><p class="ql-align-justify"><br></p><p class="ql-align-justify">Trung tâm Kiểm soát bệnh tật (CDC) thành phố Hà Nội cho biết từ đầu năm 2024 đến nay, số ca mắc sởi của toàn thành phố là 87 trường hợp tại 23 quận, huyện. Bệnh nhân phân bố theo nhóm tuổi; trong đó có 26 ca mắc dưới 9 tháng tuổi (chiếm tỷ lệ 29,9%); 16 ca từ 9 – 12 tháng (chiếm 18,4%); 14 ca mắc từ 13 – 23 tháng (16,1%); 10 ca mắc từ 24 – 60 tháng (11,5%) và 21 ca mắc trên 60 tháng tuổi (24,1%). Theo đánh giá của CDC Hà Nội, số mắc sởi đang có xu hướng gia tăng. Bệnh nhân ghi nhận rải rác trên địa bàn, chủ yếu ở người chưa tiêm chủng vắc xin hoặc chưa được tiêm đầy đủ. Dự báo, trong thời gian tới có thể tiếp tục ghi nhận thêm các trường hợp mắc bệnh.</p><p class="ql-align-justify"><br></p><p class="ql-align-justify">Các bệnh truyền nhiễm khác như cúm, viêm phổi, viêm màng não, viêm não, sởi, thủy đậu… đang có xu hướng tăng mạnh, nhiều trường hợp diễn biến nghiêm trọng, buộc phải nhập viện và sử dụng kháng sinh liều cao trong thời gian dài. Tình trạng này không chỉ tiềm ẩn nguy cơ ảnh hưởng nặng nề đến sức khỏe người bệnh mà còn đặt ra áp lực lớn về tài chính và kinh tế cho gia đình và xã hội.</p><p class="ql-align-justify"><br></p><p class="ql-align-justify">Trước bối cảnh đó, ngày 26/11/2024, Hệ thống tiêm chủng FVC khai trương&nbsp;<strong>trung tâm FVC Thạch Thất</strong>&nbsp;tại thôn 84, xã Kim Quan, huyện Thạch Thất, thành phố Hà Nội, Việt Nam. Đây là trung tâm tiêm chủng cao cấp thứ 207 trên toàn quốc và thứ 31 tại thành phố Hà Nội của FVC, cung cấp hơn 50 loại vắc xin phòng ngừa gần 50 bệnh truyền nhiễm nguy hiểm, đáp ứng tối đa nhu cầu tiêm vắc xin phòng bệnh, góp phần nâng cao tỷ lệ tiêm chủng cộng đồng, bảo vệ sức khỏe người dân trước dịch bệnh diễn biến phức tạp.</p><p><br></p><h2 class="ql-align-justify"><strong>FVC Thạch Thất sở hữu cơ sở vật chất khang trang, hiện đại, cao cấp</strong></h2><p class="ql-align-justify"><br></p><p class="ql-align-justify">FVC Thạch Thất được thiết kế và vận hành đồng bộ với các trung tâm khác trong hệ thống, mang đến dịch vụ tiêm chủng chất lượng cao cho khách hàng. Với diện tích gần 500m², trung tâm sở hữu không gian rộng rãi, hiện đại, bao gồm đầy đủ các phòng chức năng như phòng khám, phòng tiêm, khu vực chờ sau tiêm, khu vui chơi cho trẻ, phòng thay tã, phòng cho bé bú, khu vực sạc điện thoại miễn phí, cùng nước uống nóng/lạnh miễn phí, tạo sự tiện nghi tối đa.</p><p class="ql-align-justify"><br></p><p class="ql-align-justify">Tại đây, 100% Khách hàng được khám sàng lọc miễn phí bởi đội ngũ bác sĩ giàu kinh nghiệm, đảm bảo tư vấn chính xác và chỉ định tiêm chủng phù hợp. Sau khi tiêm, Khách hàng sẽ được theo dõi sức khỏe trong 30 phút tại trung tâm và nhận hướng dẫn chi tiết để tự theo dõi tại nhà. Quy trình tiêm chủng được thực hiện nghiêm ngặt theo tiêu chuẩn an toàn, mô hình vận hành một chiều và kiểm soát nhiễm khuẩn chặt chẽ, giúp Khách hàng yên tâm, thoải mái trong suốt quá trình tiêm chủng tại FVC.</p><p class="ql-align-justify"><br></p><p class="ql-align-justify">Ngoài ra, FVCThạch Thất còn cung cấp dịch vụ chăm sóc sau tiêm chu đáo với tổng đài hỗ trợ hoạt động 24/7 và đội ngũ bác sĩ trực sẵn sàng tư vấn. Đồng thời, trung tâm phối hợp chặt chẽ với các đơn vị cấp cứu tại địa phương để đảm bảo hỗ trợ nhanh chóng trong mọi tình huống khẩn cấp, kể cả với những khách hàng không tiêm chủng tại hệ thống FVC.</p><p><br></p>', N'Khai trương FVC Thạch Thất: Địa chỉ, số điện thoại, giờ làm việc', N'Sáng ngày 26/11/2024, Trung tâm tiêm chủng FVC Thạch Thất chính thức khai trương tại thôn 84, xã Kim Quan, huyện Thạch Thất, Hà Nội, mang đến cho người dân Thủ đô thêm địa điểm tiêm chủng hiện đại, cung ứng nhanh chóng và đầy đủ các loại vắc xin quan trọng, chất lượng cao cho trẻ em và người lớn tại địa phương và người dân cả nước nói chung, kịp thời đáp ứng nhu cầu tiêm vắc xin phòng bệnh tăng cao trong bối cảnh dịch bệnh diễn biến ngày càng phức tạp.', N'NT000004', N'EM000001', CAST(N'2024-01-04T14:48:00.0000000' AS DateTime2), CAST(N'2026-12-31T20:48:00.0000000' AS DateTime2), 1, N'/Uploads/news/images/ceeadbf9-d622-42d8-915a-5f58097af3bd_khai-truong-vnvc-thach-that.jpg')
INSERT [dbo].[News] ([Id], [Content], [Title], [Preview], [News_Type_Id], [AuthorId], [PostDate], [ExpiryDate], [Status], [Thumbnail]) VALUES (N'NW000094', N'<h2 class="ql-align-justify"><strong>FVC Phú Xuân (Huế 2) khai trương, kịp thời giúp người dân phòng bệnh cuối năm</strong></h2><p class="ql-align-justify"><br></p><p class="ql-align-justify">Thời tiết tại tỉnh Thừa Thiên Huế đang diễn biến hết sức phức tạp, với những đợt nắng mưa thất thường, cộng với những ảnh hưởng tồn dư sau những trận bão lớn trước đây, tạo điều kiện thuận lợi cho virus, vi khuẩn và các tác nhân gây bệnh phát triển và lây lan mạnh mẽ. Điều này làm gia tăng nguy cơ mắc bệnh truyền nhiễm nguy hiểm như sốt xuất huyết, sởi, ho gà, cúm, viêm phổi, viêm màng não… Những căn bệnh này không chỉ gây ảnh hưởng nghiêm trọng đến sức khỏe mà còn đe dọa trực tiếp đến tính mạng của người dân, thậm chí bùng phát thành dịch trên diện rộng.</p><p class="ql-align-justify"><br></p><p class="ql-align-justify">Từ đầu năm 2024, tỉnh Thừa Thiên Huế đã ghi nhận 1.552 ca mắc sốt xuất huyết Dengue, phân bố rải rác tại các huyện, thị xã, và thành phố Huế là khu vực có số ca bệnh cao nhất. So với cùng kỳ năm 2023, số ca bệnh đã tăng gấp 4,5 lần và tình hình dịch bệnh trong những tuần gần đây có diễn biến bất thường, với sự gia tăng và giảm bớt không đồng đều.</p><p class="ql-align-justify"><br></p><p class="ql-align-justify">Ngoài sốt xuất huyết, các bệnh nguy hiểm khác như tay chân miệng, ho gà, sởi, dại… cũng có sự gia tăng đáng lo ngại. Toàn tỉnh đã có 107 ca tay chân miệng, 9 ca ho gà lâm sàng và 5 ca ho gà xác định, cùng với 15 ca sốt phát ban nghi ngờ sởi và 2 ca sởi xác định đã điều trị khỏi và xuất viện. Bên cạnh đó, tỉnh còn ghi nhận 1 ca mắc Whitemore, 2 ca liên cầu lợn và một số bệnh truyền nhiễm khác đang xuất hiện rải rác.</p><p class="ql-align-justify"><br></p><p class="ql-align-justify">Trước tình hình dịch bệnh gia tăng tại tỉnh Thừa Thiên Huế nói riêng và trên toàn quốc nói chung, vào ngày 26/11/2024, Hệ thống tiêm chủng FVC đã chính thức khai trương VNVC Phú Xuân (Huế 2) tại số 111 Lý Thái Tổ, phường An Hòa, thành phố Huế. Đây là cơ sở tiêm chủng thứ 206 của Hệ thống tiêm chủng FVC trên toàn quốc và là trung tâm thứ 3 tại tỉnh Thừa Thiên Huế, mang đến cho người dân địa phương một địa chỉ tiêm chủng uy tín, an toàn và chất lượng.</p><p class="ql-align-justify"><br></p><p class="ql-align-justify">Cùng với FVC Thành phố Huế và FVC Hương Thủy, FVC Phú Xuân (Huế 2) tự hào cung cấp hơn 50 loại vắc xin quan trọng, giúp phòng ngừa hơn 40 bệnh truyền nhiễm nguy hiểm. Với mạng lưới tiêm chủng rộng khắp, FVC không chỉ góp phần nâng cao tỷ lệ tiêm chủng mà còn đóng vai trò quan trọng trong việc bảo vệ sức khỏe cộng đồng, đáp ứng kịp thời những thách thức do dịch bệnh gây ra.</p><p><br></p>', N'Khai trương FVC Phú Xuân (Huế 2): Địa chỉ, số điện thoại, giờ làm việc', N'Sáng ngày 26/11/2024, Trung tâm tiêm chủng FVC Phú Xuân (Huế 2) chính thức khai trương tại số 111 Lý Thái Tổ, phường An Hòa, thành phố Huế, tỉnh Thừa Thiên Huế, trở thành trung tâm tiêm chủng cao cấp, hiện đại thứ 206 của Hệ thống tiêm chủng FVC. Với hệ thống cơ sở vật chất khang trang, danh mục vắc xin đa dạng cùng đội ngũ bác sĩ, điều dưỡng viên giàu kinh nghiệm, quy trình tiêm chủng và bảo quản vắc xin an toàn, FVC Phú Xuân (Huế 2), cam kết đáp ứng đầy đủ nhu cầu cầu tiêm vắc xin phòng bệnh uy tín, an toàn và chất lượng cho bà con địa phương và người dân trên cả nước nói chung.', N'NT000004', N'EM000001', CAST(N'2024-11-24T13:13:00.0000000' AS DateTime2), CAST(N'2026-12-31T20:50:00.0000000' AS DateTime2), 1, N'/Uploads/news/images/1cbb20fc-fb42-4edc-b0f0-b3799cae593e_khai-truong-vnvc-phu-xuan-hue-2-thumb.jpg')
INSERT [dbo].[News] ([Id], [Content], [Title], [Preview], [News_Type_Id], [AuthorId], [PostDate], [ExpiryDate], [Status], [Thumbnail]) VALUES (N'NW000095', N'<h2 class="ql-align-justify"><strong>Chăm sóc mẹ bầu và kỹ thuật tắm trẻ, chăm sóc trẻ sơ sinh</strong></h2><p class="ql-align-justify"><br></p><p class="ql-align-justify">Mang một sinh linh mới đến với thế giới là một điều vô cùng thiêng liêng và ngập tràn hạnh phúc. Tuy nhiên, đây cũng là thách thức đối lớn với phụ nữ trong việc chăm sóc bản thân thật tốt, nhanh chóng thích ứng với những thay đổi về cả vóc dáng, tâm lý, tinh thần và cảm xúc, để thai nhi trải qua “9 tháng 10 ngày” trong bụng an toàn và khỏe mạnh chào đời.</p><p class="ql-align-justify"><br></p><p class="ql-align-justify">Một trong những cách hỗ trợ các mẹ bầu trong thời gian mang thai chính là thực hiện các phương pháp massage trước khi sinh. Liệu pháp massage đã được sử dụng trong nhiều thế kỷ qua mà được chứng minh có thể cải thiện sức khỏe tổng thể, giúp giảm căng thẳng và làm giảm căng cơ hiệu quả. Đặc biệt, sử dụng liệu pháp massage trước khi sinh cho mẹ bầu sẽ góp phần hỗ trợ giảm lo âu, giảm các triệu chứng trầm cảm, đau nhức cơ – khớp, cải thiện kết quả chuyển dạ và sức khỏe cho trẻ sơ sinh.</p><p class="ql-align-justify"><br></p><p class="ql-align-justify">Các nghiên cứu được thực hiện trong 10 năm qua đã chỉ ra mức độ hormone liên quan đến sự thư giãn và căng thẳng sẽ thay đổi đáng kể nếu thực hiện liệu pháp massage trong quá trình chăm sóc trước khi sinh cho thai phụ. Điều này giúp điều hòa tâm trạng, cải thiện sức khỏe tim mạch, ít biến chứng hơn trong quá trình sinh nở. Bên cạnh đó, massage còn giúp giảm bớt tình trạng phù nề hoặc sưng khớp trong thời kỳ mang thai, cải thiện tình trạng đau thần kinh tọa vào những ngày cuối thai kỳ khi tử cung đè lên các cơ sàn chậu và lưng dưới. Đồng thời, cải thiện oxy hóa các mô mềm và cơ, giúp mẹ bầu ngủ ngon và sâu giấc hơn.</p><p class="ql-align-justify"><br></p><p class="ql-align-justify">Tại buổi tư vấn, chị Ngô Thị Bích Vân, Founder – Quản lý Hệ sinh thái Chăm sóc sức khỏe cho Mẹ và Bé Honey Bear đã chia sẻ&nbsp;quy trình massage cho mẹ bầu, giúp thai phụ thư giãn với 12 bước chi tiết như sau:</p><ul><li class="ql-align-justify">Ngâm chân thảo dược: Lưu thông khí huyết, giảm phù nề, căng tức;</li><li class="ql-align-justify">Massage lưng hông: Giảm đau mỏi, tê bì và tình trạng bại hông;</li><li class="ql-align-justify">Massage vùng lưng đốt D5 – D6: Tăng tiết sữa sau sinh;</li><li class="ql-align-justify">Chườm đá nóng vùng lưng;</li><li class="ql-align-justify">Massage chân làm giảm hiện tượng căng cơ, chuột rút;</li><li class="ql-align-justify">Massage tay giảm tê bì tay;</li><li class="ql-align-justify">Massage cổ vai gáy giúp lưu thông khí huyết, giảm các hiện tượng tê tay, đau nửa đầu;</li><li class="ql-align-justify">Thoa tinh chất dưỡng body Bonus bôi tinh dầu hạn chế vùng thâm, rạn da;</li><li class="ql-align-justify">Massage thư giãn vùng mặt;</li><li class="ql-align-justify">Đắp mặt nạ dưỡng sinh sáng hồng da;</li><li class="ql-align-justify">Thoa tinh chất dưỡng da mặt;</li><li class="ql-align-justify">Chườm gối thảo dược, giúp giảm đau nhức vùng cổ vai gáy.</li></ul><p><br></p>', N'FVC tổ chức lớp tư vấn kiến thức thai sản và chăm sóc bé sau sinh tại Hà Nội', N'Ngày 10/12/2024, Hệ thống tiêm chủng FVC đã tổ chức Lớp tư vấn kiến thức Thai, Sản tại FVC Tây Mỗ (Hà Nội), thu hút đông đảo các mẹ bầu, các cặp vợ chồng son, người dân địa phương trong khu vực đến để lắng nghe những chia sẻ khoa học, hữu ích từ các chuyên gia uy tín về các chủ đề: “Tư vấn chăm sóc mẹ bầu và kỹ thuật tắm trẻ, chăm sóc trẻ sơ sinh” và “Những vắc xin cần thiết tiêm trong giai đoạn thai kỳ và trẻ sơ sinh”.', N'NT000005', N'EM000001', CAST(N'2024-05-14T21:53:00.0000000' AS DateTime2), CAST(N'2026-12-31T20:53:00.0000000' AS DateTime2), 1, N'/Uploads/news/images/5f8dc9e7-0625-4690-9cc4-d51894f5d8b5_tu-van-suc-khoe-thai-san-tai-ha-noi-thumb.jpg')
INSERT [dbo].[News] ([Id], [Content], [Title], [Preview], [News_Type_Id], [AuthorId], [PostDate], [ExpiryDate], [Status], [Thumbnail]) VALUES (N'NW000096', N'<h2 class="ql-align-justify"><strong>Chăm sóc sức khỏe sinh sản và các bệnh lý thường gặp lây qua đường sinh dục</strong></h2><p class="ql-align-justify">ThS. BSNT Dương Ngọc Hưng – Bác sĩ Trung tâm Sản Phụ khoa, Bệnh viện Đa khoa Tâm Anh Hà Nội cho biết, hiện nay các bệnh lý nghiêm trọng lây qua đường tình dục đang có xu hướng gia tăng mạnh mẽ và ngày càng trẻ hóa.</p><p class="ql-align-justify"><br></p><p class="ql-align-justify">Theo ước tính của Tổ chức Y tế Thế giới (WHO) vào năm 2020, toàn cầu có khoảng 374 triệu ca nhiễm mới các bệnh lây qua đường tình dục, bao gồm: Chlamydia (129 triệu ca), lậu (82 triệu ca), giang mai (7,1 triệu ca) và Trichomonas (156 triệu ca). Ước tính trên toàn thế giới có hơn 1 triệu ca bệnh lây truyền qua đường tình dục mỗi ngày, phần lớn trong số đó không có triệu chứng rõ rệt.</p><p class="ql-align-justify"><br></p><p class="ql-align-justify">Các bệnh lây truyền qua đường tình dục ngày nay rất đa dạng, do nhiều loại vi khuẩn, virus và ký sinh trùng khác nhau gây ra. Tại Việt Nam, trong năm 2023, Bệnh viện Da liễu Thành phố Hồ Chí Minh đã tiếp nhận tổng cộng 768.836 lượt khám ngoại trú, trong đó có 75.037 lượt khám liên quan đến các nhiễm khuẩn lây qua đường tình dục, chiếm khoảng 10% tổng số lượt khám của bệnh viện.</p><p><br></p>', N'Tổng kết Chương trình tư vấn sức khỏe cho người lớn, người có bệnh nền số 1', N'Sáng ngày 11/12/2024, Chương trình tư vấn sức khỏe cho người lớn, người có bệnh nền đầu tiên do Hệ thống tiêm chủng FVC phối hợp tổ chức cùng Hệ thống Bệnh viện Đa khoa Tâm Anh đã diễn ra thành công tại Trung tâm thương mại Aeon Mall Long Biên, 27 Cổ Linh, P.Long Biên, Q.Long Biên, Hà Nội. Chương trình có sự đồng hành của Câu lạc bộ Gym Swimming & Fitness Renaissance Japan.



Chương trình tư vấn thu hút sự tham gia đông đảo của người dân trên địa bàn và các khu vực lân cận cùng hàng trăm khán thính giả trên toàn quốc thông qua nền tảng online để lắng nghe các chuyên gia tư vấn, chia sẻ về:

Cách chăm sóc sức khỏe sinh sản, các bệnh lý thường gặp lây qua đường sinh dục | ThS.BSNT Dương Ngọc Hưng – Bác sĩ Trung tâm Sản Phụ khoa, Bệnh viện Đa khoa Tâm Anh Hà Nội
Phòng ngừa bệnh ung thư, sùi mào gà do HPV ở người lớn | BS.CKI Nguyễn Lê Nga – Quản lý Y khoa miền Bắc, Hệ thống tiêm chủng FVC', N'NT000005', N'EM000001', CAST(N'2024-12-12T10:55:00.0000000' AS DateTime2), CAST(N'2026-12-31T20:55:00.0000000' AS DateTime2), 1, N'/Uploads/news/images/e52eec0e-52a5-4b6c-b34d-800cfa9e93d1_tu-van-suc-khoe-cho-nguoi-lon-tuoi.jpg')
INSERT [dbo].[News] ([Id], [Content], [Title], [Preview], [News_Type_Id], [AuthorId], [PostDate], [ExpiryDate], [Status], [Thumbnail]) VALUES (N'NW000097', N'<p class="ql-align-justify">Tại&nbsp;<span style="color: rgb(51, 122, 183);">buổi lễ tổng kết cuộc thi “Em vẽ dũng sĩ tiêm ngừa cùng FVC” mùa 1</span>&nbsp;diễn ra vào sáng ngày 01/06/2024, chị Huỳnh Thị Nữ, mẹ của bé Huỳnh Phúc An (5 tuổi, sống ở TP HCM) có tác phẩm đoạt giải vàng, chia sẻ: “Bé Phúc An nhà mình đã vẽ bức tranh với chủ đề “Mong ước mọi trẻ em trên thế giới được tiêm vắc xin”. Vì từ nhỏ, bé hay được tôi đưa đi tham gia các chương trình thiện nguyện nên rất đồng cảm với những mảnh đời thiệt thòi. Được tiêm chủng đầy đủ, Phúc An cũng mong ước mọi trẻ em trên thế giới đều cũng đều được tiêm vắc xin để có siêu sức mạnh và trở thành chiến binh dũng cảm.</p><p class="ql-align-justify"><br></p><p class="ql-align-justify">FVC vì đã tổ chức một chương trình lan tỏa những điều ý nghĩa. Cuộc thi đã khép lại nhưng kiến thức tiêm chủng phòng bệnh quý giá sẽ còn ở lại mãi. Hy vọng FVC sẽ tổ chức nhiều cuộc thi hơn để cùng các em nhỏ xây dựng sức khỏe tốt, cùng bảo vệ gia đình và cộng đồng”.</p>', N'Con thi vẽ “dũng sĩ tiêm ngừa”, cả nhà cùng tìm hiểu về vắc xin', N'Cuộc thi “Em vẽ dũng sĩ tiêm ngừa cùng FVC ” mùa 1 đã chính thức khép lại với sự tham gia tranh tài sôi nổi của gần 10.000 trẻ em từ 3-16 tuổi trên toàn quốc. Cuộc thi không chỉ là hoạt động bổ ích, sân chơi thú vị giúp các con thỏa sức sáng tạo qua từng nét vẽ, mà còn là dịp để nhiều phụ huynh tìm hiểu các kiến thức về vắc xin và tiêm chủng trong quá trình đồng hành cùng con.', N'NT000007', N'EM000001', CAST(N'2024-06-04T20:56:00.0000000' AS DateTime2), CAST(N'2026-12-31T20:56:00.0000000' AS DateTime2), 1, N'/Uploads/news/images/98ba5f55-5831-4fd7-b5b7-6da915a79bf1_tranh-du-thi-em-ve-dung-si-tiem-ngua.jpg')
INSERT [dbo].[News] ([Id], [Content], [Title], [Preview], [News_Type_Id], [AuthorId], [PostDate], [ExpiryDate], [Status], [Thumbnail]) VALUES (N'NW000098', N'<h2><strong>Bức tranh “FVC đưa vắc xin về vùng cao”</strong></h2><p><br></p><p class="ql-align-justify">Em Lô Ngọc Bảo Trân (11 tuổi, học lớp 5, Trường Tiểu học Châu Tiến, bản Hoa Tiến 2, xã Châu Tiến, huyện Quỳ Châu, tỉnh Nghệ An)</p><p class="ql-align-justify"><br></p><p class="ql-align-justify">Chọn vẽ các em nhỏ đồng bào thiểu số ở vùng núi hào hứng tiêm vắc xin, tranh của bé Lô Ngọc Bảo Trân, người dân tộc Thái gây ấn tượng mạnh với Hội đồng Ban giám khảo bởi ý tưởng sáng tạo, cách xây dựng bố cục bức tranh độc đáo, phối màu thông minh. Bảo Trân chia sẻ bức tranh được lấy cảm hứng từ lần đồng bào dân tộc Thái ở bản em được các nhân viên y tế đến tận nơi tiêm vắc xin ngừa Covid-19.</p><p class="ql-align-justify"><br></p><p class="ql-align-justify">FBức tranh miêu tả các em nhỏ và người lớn mặc trang phục dân tộc Thái, xa xa là những căn nhà sàn đặc trưng của người đồng bào dân tộc Thái và chiếc cầu vồng đủ màu sắc. Trân chia sẻ, em để dành những tông màu sáng nhất, rực rỡ nhất để tổ điểm cho chiếc cầu vồng đằng xa bởi cầu vồng tượng trưng cho hy vọng và tương lai tươi sáng khi em cùng các bạn và mọi người được tiêm ngừa vắc xin phòng bệnh FVC<span>&nbsp;để ông bà có thật nhiều sức khỏe để đồng hành cùng em trong suốt chặng đường sắp tới.</span></p><p class="ql-align-justify"><br></p><p class="ql-align-justify">Ông Lô Văn Thu (63 tuổi), ông nội của Trân cho biết các điểm tiêm chủng đến gần hơn, mọi người đều được tiêm vắc xin đầy đủ cũng là mong ước của người dân thôn bản quê ông. Theo ông Thu, bản Hoa Tiến 2 nơi gia đình ông cùng bé Bảo Trân đang sinh sống tập hợp chủ yếu là người dân tộc Thái sinh sống, cách biên giới Việt – Lào khoảng 60km. Nơi đây có khoảng 500 hộ gia đình người Thái sống bằng nghề trồng nương rẫy và dệt vải thổ cẩm truyền thống.</p><p class="ql-align-justify"><br></p><p class="ql-align-justify">Ông Thu cho biết, mỗi lần bản có người đau ốm hoặc cần tiêm vắc xin đều phải di chuyển lên trung tâm huyện, cách nhà hơn 20 km. Mỗi lượt đi và về mất gần 4 – 5 tiếng di chuyển bằng xe máy. Mỗi lần có người bị chó cắn, mèo cào, để được tiêm chủng, người dân phải bỏ ra thời gian nửa ngày công và đi nhiều ngày mới hoàn thành phác đồ. Do vậy, ông Thu kể đã xảy ra nhiều trường hợp ngại xa, ngại cực mà từ chối tiêm ngừa. Thậm chí có người đã tử vong do bệnh dại vì không tiêm vắc xin.</p><p class="ql-align-justify"><br></p><p class="ql-align-justify">“Nếu các trung tâm tiêm chủng như FVC đến được gần nhà, nhiều bà con không còn phải di chuyển xa xôi, không còn lo nơm nớp các dịch bệnh kéo đến. Phòng bệnh bao giờ cũng hơn là chữa bệnh”, ông Thu chia sẻ.</p>', N'Cảm động với các bức tranh vẽ “dũng sĩ tiêm ngừa” thông điệp ý nghĩa', N'Cuộc thi “Em vẽ Dũng sĩ Tiêm ngừa cùng FVC – Mùa I” chính thức khép lại với gần 10.000 bức tranh được gửi gắm hàng chục nghìn thông điệp từ các em nhỏ trên toàn quốc. Mặc dù tất cả các bức tranh vẽ đều hướng đến mục tiêu truyền tải thông điệp nêu cao tầm quan trọng của người dũng sĩ tiêm ngừa trong cuộc chiến chống lại virus, vi khuẩn nhưng đằng sau mỗi bức tranh là một câu chuyện khác nhau. Có những bức tranh chia sẻ về những buổi tiêm chủng thân thuộc cùng cả gia đình, nhiều bức tranh lại chọn cách hình tượng hóa, phóng đại hóa hình ảnh của những bác sĩ, cô điều dưỡng tiêm ngừa để nêu bật vai trò của đội ngũ y tế dự phòng trong công cuộc bảo vệ sức khỏe cộng đồng.

Trong số nhiều bức tranh đặc biệt ấy, có những bức tranh được gửi về từ những các em nhỏ có hoàn cảnh hết sức đặc biệt như Em bé đồng bào miền núi với mơ ước mang vắc xin về với bản làng của mình, cô học sinh nhỏ nhắn khát khao được trở thành các y bác sĩ để chữa bệnh cho học trò nghèo hay cô bé mắc bệnh ung thư máu vẽ nên bức tranh chống lại virus vi khuẩn với khát vọng chiến đấu hết mình với bệnh tật…', N'NT000007', N'EM000001', CAST(N'2024-06-03T10:59:00.0000000' AS DateTime2), CAST(N'2026-12-31T20:59:00.0000000' AS DateTime2), 1, N'/Uploads/news/images/7ab6e04e-87ac-4bfe-aa8e-c845a05f8ee8_tranh-cua-ban-bao-tran.jpg')
INSERT [dbo].[News] ([Id], [Content], [Title], [Preview], [News_Type_Id], [AuthorId], [PostDate], [ExpiryDate], [Status], [Thumbnail]) VALUES (N'NW000099', N'<p class="ql-align-justify">Việt Nam đã có vắc xin phòng bệnh zona thần kinh của tập đoàn dược phẩm GSK (Bỉ), tiêm cho người từ 50 tuổi trở lên và người trên 18 tuổi có nguy cơ cao mắc zona thần kinh với hiệu quả phòng bệnh cao đến 97%, đồng thời giảm biến chứng đau thần kinh sau zona và các biến chứng khác hơn 90%.</p><p class="ql-align-justify"><br></p><p class="ql-align-justify"><strong>Nhằm giúp người dân có cơ hội tiếp cận sớm với vắc xin quan trọng, phòng bệnh hiệu quả,&nbsp;FVC&nbsp;ưu đãi&nbsp;</strong><strong style="color: rgb(255, 0, 0);">180.000 đồng&nbsp;</strong><strong>cho Khách hàng tiêm đăng ký tiêm và thanh toán ngay trọn phác đồ 2 mũi vắc xin Shingrix tại tất cả trung tâm tiêm chủng VNVC toàn quốc, từ ngày 4/10/2024.</strong></p><ul><li class="ql-align-justify"><strong>Giá cũ: 7.780.000 đồng</strong></li><li class="ql-align-justify"><strong>Giá mới:&nbsp;</strong><strong style="color: rgb(255, 0, 0);">7.600.000 đồng</strong></li></ul><p class="ql-align-justify"><strong>Lưu ý:</strong></p><ul><li class="ql-align-justify">Khách hàng có nhu cầu đặt giữ theo chương trình ưu đãi được giữ ưu đãi trong vòng 07 tháng tính từ ngày lập hóa đơn. Quá thời hạn quy định Khách hàng sẽ đóng thêm phí đặt giữ và được giữ ưu nguyên ưu đãi.</li><li class="ql-align-justify">Khách hàng đã thanh toán đặt giữ theo chương trình ưu đãi có nhu cầu hoàn huỷ trong vòng 07 tháng sẽ bị phạt 8% trên giá trị đã thu và thu hồi ưu đãi. Sau 07 tháng sẽ phạt 28% trên giá trị đã thu và thu hồi ưu đãi.</li></ul><p class="ql-align-justify"><br></p><p class="ql-align-justify">Ngoài ra, nhằm tri ân Ông Bà – là những người đã hỗ trợ trong việc chăm sóc con cháu để ba mẹ yên tâm công tác, VNVC dành tặng món quà tri ân tới Ông Bà của các Khách hàng nhỏ tại VNVC như sau:</p><ul><li>Khách hàng sử dụng dịch vụ Gói vắc xin của VNVC (đang hoặc đã kết thúc) có độ tuổi ≤ 16 tuổi (tính đến thời điểm ngày 01/11/2024) được nhận phiếu ưu đãi 100.000 đồng để dành tặng cho ông bà đi tiêm vắc xin phòng zona thần kinh hoặc phế cầu 23 tuýp nhằm bảo vệ sức khoẻ sớm.</li><li>Khách hàng lẻ của VNVC có độ tuổi ≤ 16 tuổi (tính đến thời điểm ngày 01/11/2024) được nhận phiếu ưu đãi 50.000 đồng để dành tặng cho ông bà đi tiêm vắc xin phòng zona thần kinh hoặc phế cầu 23 tuýp nhằm bảo vệ sức khoẻ sớm.</li></ul><p><br></p><p><strong>Lưu ý:</strong></p><p>– Phiếu ưu đãi được tặng tối đa 1 lần/1 tháng/1 khách hàng.</p><p><br></p><p>– Mốc 01/11/2024 là thời điểm tính tuổi của Khách hàng. Những trường hợp đối tượng khác ngoài ông bà (cô, dì, chú, bác…) các GDTT xem xét và quyết định dựa trên đề nghị mong muốn của Khách hàng.</p><p><br></p><p>Zona thần kinh (hay giời leo) được biết đến là bệnh hậu thủy đậu. Sau khi khỏi thủy đậu, virus sẽ trú ẩn trong các rễ hạch thần kinh, chờ cơ hội tái hoạt động và gây bệnh zona. Zona thần kinh có thể xảy ra ở bất cứ ai từng mắc thủy đậu trước đó; tuy nhiên, người cao tuổi, suy giảm miễn dịch hay người có bệnh lý nền là những đối tượng có nguy cơ mắc bệnh và biến chứng cao.</p><p><br></p><p class="ql-align-justify">Một số biến chứng nghiêm trọng của bệnh zona có thể kể đến như bội nhiễm các sang thương da dẫn đến nhiễm trùng huyết; viêm kết mạc, giác mạc, hoại tử võng mạc cấp tính dẫn đến mù lòa; liệt mặt, ù tai, nghe kém hoặc mất khả năng nghe; rối loạn đại tiểu tiện; viêm não, viêm màng não, tai biến mạch máu não; viêm phổi, viêm gan. Zona thần kinh còn làm tăng nguy cơ mắc các bệnh tim mạch như đột quỵ, nhồi máu cơ tim cấp…</p><p class="ql-align-justify"><br></p><p class="ql-align-justify">Đó là chưa kể đến những cơn đau thần kinh kinh khủng hậu zona có thể kéo dài nhiều tháng, nhiều năm hoặc dai dẳng đến suốt cuộc đời. Có khoảng 5 – 30% người bệnh có thể gặp biến chứng này. Những bệnh nhân ấy mô tả mức độ đau thần kinh hậu zona còn nặng nề hơn cơn đau của phụ nữ trong quá trình sinh đẻ. Nguy cơ mắc đau dây thần kinh hậu zona và diễn biến nghiêm trọng tăng dần theo tuổi tác.</p><p class="ql-align-justify"><br></p><p class="ql-align-justify">Từ những gánh nặng trên của zona thần kinh, vắc xin được xem là phương pháp ngăn chặn hiệu quả sự tái hoạt động của virus tiềm ẩn trong hạch thần kinh sau khi mắc thủy đậu. Từ đó, giúp giảm nguy cơ mắc zona và các biến chứng liên quan.</p><p class="ql-align-justify"><br></p><p class="ql-align-justify">Với lợi thế là đối tác chiến lược toàn diện của các hãng vắc xin lớn trên thế giới, Hệ thống tiêm chủng FVC đã đặt hàng từ sớm vắc xin phòng zona thần kinh từ hãng GSK. Cùng nhiều nỗ lực thì hiện vắc xin cũng đã được đưa về Việt Nam và triển khai tiêm chủng cho người dân với số lượng lớn tại gần 200 trung tâm FVC trên toàn quốc.</p><p class="ql-align-justify">Đến nay đã có khoảng 51 quốc gia đưa vắc xin Shingrix vào sử dụng. Vắc xin được khuyến cáo cho độ tuổi 50 trở lên ở hầu hết các quốc gia cũng như ưu tiên và có chỉ định cho người suy giảm miễn dịch.</p><p class="ql-align-justify"><br></p><p class="ql-align-justify">Tất cả vắc xin lưu hành tại FVC được bảo quản trong hệ thống kho lạnh chuẩn GSP theo tiêu chuẩn quốc tế, hậu thống dây chuyền lạnh (Cold Chain) giúp vắc xin luôn trong điều kiện bảo quản an toàn từ 2-8 độ C theo yêu cầu từ nhà sản xuất. Bên cạnh đó, FVC áp dụng quy trình tiêm chủng an toàn 8 bước khép kín, theo dõi các phản ứng sau tiêm tại chỗ và tại nhà chặt chẽ.</p><p class="ql-align-justify"><br></p><p class="ql-align-justify">Bên cạnh chương trình ưu đãi combo 2 mũi vắc xin Shingrix phòng bệnh zona thần kinh, FVC còn triển khai nhiều chương trình ưu đãi giá, chương trình “Tiêm vắc xin trước – trả chi phí sau” với toàn bộ lãi suất được FVC chi trả giúp nhiều Quý Khách hàng được tiếp cận với vắc xin dễ dàng hơn, an tâm phòng bệnh.</p><p><br></p>', N'FVC ưu đãi vắc xin phòng bệnh Zona thần kinh', N'Việt Nam đã có vắc xin zona thần kinh (bệnh giời leo) và triển khai tiêm đầu tiên tại 200 trung tâm hiện đại trên toàn quốc. Nhằm tạo điều kiện thuận lợi cho người dân dễ dàng tiếp cận với vắc xin mới, phòng bệnh sớm và hiệu quả, Hệ thống tiêm chủng FVC ưu đãi ngay 180.000 đồng dành cho tất cả Khách hàng tiêm 2 mũi tiêm vắc xin zona thần kinh, kể từ ngày 4/10/2024.', N'NT000003', N'EM000001', CAST(N'2024-10-04T13:43:00.0000000' AS DateTime2), CAST(N'2026-12-31T21:14:00.0000000' AS DateTime2), 1, N'/Uploads/news/images/a3fdc173-e212-4319-89ad-8ec524152d36_uu-dai-vac-xin-zona-than-kinh.jpg')
INSERT [dbo].[News] ([Id], [Content], [Title], [Preview], [News_Type_Id], [AuthorId], [PostDate], [ExpiryDate], [Status], [Thumbnail]) VALUES (N'NW000100', N'<p class="ql-align-justify">Tất cả Khách hàng nam, nữ từ 9 đến 45 tuổi đăng ký tiêm trọn phác đồ vắc xin phòng HPV Gardasil 9 (Mỹ) tại tất cả các trung tâm tiêm chủng FVC trên toàn quốc sẽ được hưởng ưu đãi sau:</p><ul><li class="ql-align-justify"><strong><em>Tiêm combo bằng giá lẻ:&nbsp;</em></strong>FVC miễn phí đặt giữ trọn phác đồ 2 hoặc 3 mũi vắc xin Gardasil 9 (tùy theo phác đồ hoặc lịch sử tiêm chủng của Khách hàng)</li><li class="ql-align-justify"><strong><em>Chia nhỏ chi phí tiêm chủng thành nhiều lần thanh toán:&nbsp;</em></strong>Khách hàng chỉ cần thanh toán mũi vắc xin Gardasil 9 tiêm ngay trong buổi tiêm chủng và 200.000 đồng đặt giữ theo yêu cầu cho mũi tiêm kế tiếp. Số tiền 200.000 đồng này sẽ được cấn trừ vào mũi tiêm kế tiếp. Khách hàng sẽ đóng nốt phần còn lại của giá trị mũi tiêm vào ngày đi tiêm.</li></ul><p class="ql-align-justify"><br></p><p class="ql-align-justify"><strong><em>Điều kiện hưởng ưu đãi:</em></strong></p><ul><li class="ql-align-justify">Khách hàng cần hoàn thành tiêm chủng trong vòng 7 tháng kể từ ngày lập hóa đơn</li><li class="ql-align-justify">Các trường hợp đã đặt giữ nhưng đi tiêm trễ so với quy định sẽ đóng thêm phí đặt giữ 20% trên giá lẻ tại thời điểm đăng ký</li><li class="ql-align-justify">Trường hợp Khách hàng đã đặt cọc 200.000 đồng nhưng không có nhu cầu tiêm tiếp bởi lý do cá nhân sẽ bị thu lại số tiền này hoặc 8% trên giá trị đã thanh toán nếu Khách hàng đã thanh toán trọn phác đồ</li><li class="ql-align-justify">Khách hàng không được hưởng các ưu đãi của dịch vụ tiêm vắc xin trọn gói như: phòng khám tiêm ưu tiên, quà tặng…</li></ul><p><br></p>', N'Miễn phí đặt giữ trọn phác đồ vắc xin Gardasil 9 (Mỹ) & chia nhỏ số lần thanh toán', N'Từ ngày 12/10/2024, Hệ thống tiêm chủng FVC miễn phí đặt giữ trọn phác đồ vắc xin phòng HPV Gardasil 9 (Mỹ) và hỗ trợ chia nhỏ chi phí thành nhiều lần thanh toán cùng nhiều ưu đãi hấp dẫn khác cho tất cả Khách hàng FVC trên toàn hệ thống. Chương trình ưu đãi mang đến cơ hội cho trẻ em và người lớn tiếp cận sớm một trong những loại vắc xin quan trọng hàng đầu hiện nay, phòng ung thư cổ tử cung, ung thư hậu môn, ung thư hầu họng, âm đạo, âm hộ, tổn thương tiền ung thư/loạn sản, sùi mào gà… do HPV.', N'NT000003', N'EM000001', CAST(N'2024-12-10T10:17:00.0000000' AS DateTime2), CAST(N'2026-12-31T21:17:00.0000000' AS DateTime2), 1, N'/Uploads/news/images/f34ffd62-ec0c-428c-8668-9ce3f7adcab3_uu-dai-vac-xin-gardasil-9.jpg')
GO
INSERT [dbo].[NewsImages] ([Id], [ImagePath], [NewsId]) VALUES (N'0316672c-1315-4fed-8b48-8c01f9044c89', N'/Uploads/news/images/9f12aa27-dcea-4c20-a9a6-7fd9c3ecdea4_hoc-sinh-truong-thpt-phuoc-long.jpg', N'NW000021')
INSERT [dbo].[NewsImages] ([Id], [ImagePath], [NewsId]) VALUES (N'077e9442-fc66-472a-ba9e-4f9889cd6d1c', N'/Uploads/news/images/be8daeaf-6dcc-4c42-8b84-32093cb87e65_khu-vui-choi-tre-em-vnvc-binh-dai.jpg', N'NW000042')
INSERT [dbo].[NewsImages] ([Id], [ImagePath], [NewsId]) VALUES (N'0bac9586-8581-41b0-a89c-d0d8980b373e', N'/Uploads/news/images/622db3f8-0777-4523-b98f-7289a6d70e85_tiem-chung-tai-vnvc-binh-dai.jpg', N'NW000042')
INSERT [dbo].[NewsImages] ([Id], [ImagePath], [NewsId]) VALUES (N'0c2ea19d-2b3e-438c-8c95-709782bda64e', N'/Uploads/news/images/7ec5d57b-9993-48d8-a92a-07238856b90f_khai-truong-trung-tam-vnvc-thach-that.jpg', N'NW000093')
INSERT [dbo].[NewsImages] ([Id], [ImagePath], [NewsId]) VALUES (N'0c6c875f-528a-4dc6-920c-3a552715a16a', N'/Uploads/news/images/9d0380c6-bebe-49b5-bb0d-456c82b07518_hinh-anh-ngay-khai-truong-vnvc-ba-tri-03.jpg', N'NW000041')
INSERT [dbo].[NewsImages] ([Id], [ImagePath], [NewsId]) VALUES (N'1020e61b-5b7e-4c78-8382-16c72b2f28d4', N'/Uploads/news/images/5ad8b85d-2e7e-41d2-89c8-f63fd5b02ab6_khach-tham-du-lop-hoc-tien-san-45.jpg', N'NW000052')
INSERT [dbo].[NewsImages] ([Id], [ImagePath], [NewsId]) VALUES (N'11803e78-93b4-4d35-881a-b178ee0d761e', N'/Uploads/news/images/8df48b29-b8c6-4571-8d40-bec8733ecc0f_tiem-ngua-cho-nguoi-cao-tuoi.jpg', N'NW000092')
INSERT [dbo].[NewsImages] ([Id], [ImagePath], [NewsId]) VALUES (N'120b4295-d5f4-45da-a7cf-0c8aa56a091b', N'/Uploads/news/images/763c7cc8-b394-46b3-ab8e-afa68f2857f9_he-thong-kho-lanh-dat-chuan-gsp-vnvc.jpg', N'NW000016')
INSERT [dbo].[NewsImages] ([Id], [ImagePath], [NewsId]) VALUES (N'124a905f-ebd9-4314-aac7-8810dc128492', N'/Uploads/news/images/16e47fa3-1e0a-4fd7-8190-9b1295bb2802_ban-sot-xuat-huyet-o-lung.jpg', N'NW000018')
INSERT [dbo].[NewsImages] ([Id], [ImagePath], [NewsId]) VALUES (N'17456bf5-1df5-418b-b109-e708afa52943', N'/Uploads/news/images/061fa9cf-cf3c-4fb8-8bd8-6d3350881104_nhan-su-tai-vnvc-tam-thoi.jpg', N'NW000024')
INSERT [dbo].[NewsImages] ([Id], [ImagePath], [NewsId]) VALUES (N'1d242de8-d629-413a-8b50-ef11f3262864', N'/Uploads/news/images/6f96b4c5-db42-43f1-9478-d0575425b4eb_tiem-phong-zona-tai-vnvc.jpg', N'NW000026')
INSERT [dbo].[NewsImages] ([Id], [ImagePath], [NewsId]) VALUES (N'29e141e2-f684-4919-97b8-06260835b612', N'/Uploads/news/images/e504d11a-e086-4a53-99a7-927929c6bf88_uu-dai-tiem-hpv-mui-dau-tien.jpg', N'NW000031')
INSERT [dbo].[NewsImages] ([Id], [ImagePath], [NewsId]) VALUES (N'382a5337-8f71-404f-bc0d-4e603a8f34c6', N'/Uploads/news/images/a5e42c85-ffb5-47c5-9ee7-7d4ddd2c4d0d_tang-voucher-tai-tam-anh.jpg', N'NW000032')
INSERT [dbo].[NewsImages] ([Id], [ImagePath], [NewsId]) VALUES (N'385cc13a-9c52-44e4-a277-48c715305267', N'/Uploads/news/images/6d647599-9838-49f7-9e95-d9eda972998c_ba-bau-tiem-vac-xin-tai-vnvc.jpg', N'NW000014')
INSERT [dbo].[NewsImages] ([Id], [ImagePath], [NewsId]) VALUES (N'3b024e9e-ef2a-4294-b3e1-df8ac539a78d', N'/Uploads/news/images/2ec36304-fbb1-4956-8460-8e926486c2f6_phu-nu-mang-thai-tiem-vac-xin-cum.jpg', N'NW000014')
INSERT [dbo].[NewsImages] ([Id], [ImagePath], [NewsId]) VALUES (N'3be60842-463e-48d9-9a12-2e9eadce0bb3', N'/Uploads/news/images/6b894ce2-618b-426c-8a59-4b860d9aa6d8_bac-si-nguyen-huy-cuong.jpg', N'NW000021')
INSERT [dbo].[NewsImages] ([Id], [ImagePath], [NewsId]) VALUES (N'3c52bd13-ee48-4761-91c4-23bc2f941f2e', N'/Uploads/news/images/f53ec2a3-e26b-41e9-91eb-5d300892ee77_uu-dai-vac-xin-zona-than-kinh.jpg', N'NW000099')
INSERT [dbo].[NewsImages] ([Id], [ImagePath], [NewsId]) VALUES (N'3c8cb8f1-3827-43e0-a5b5-0879bacbb746', N'/Uploads/news/images/c638a4a3-4384-4df0-b83d-8a453d1d6eae_tiem-vac-xin-zona-than-kinh-cho-nguoi-lon-tuoi.jpg', N'NW000026')
INSERT [dbo].[NewsImages] ([Id], [ImagePath], [NewsId]) VALUES (N'3cb0bba8-edba-4c21-86b9-ba989da06d67', N'/Uploads/news/images/0dd767e5-8cb0-4fa8-86ba-cd10d4070bed_tap-doan-dinh-duong-Asahi-ky-ket-hop-tac-voi-vnvc.jpg', N'NW000029')
INSERT [dbo].[NewsImages] ([Id], [ImagePath], [NewsId]) VALUES (N'3f782b93-aa5a-4b4a-8ed7-8989a791f2c4', N'/Uploads/news/images/867286dc-b037-467f-a900-f9e2eb1aded5_tu-van-suc-khoe-cho-hoc-sinh.jpg', N'NW000023')
INSERT [dbo].[NewsImages] ([Id], [ImagePath], [NewsId]) VALUES (N'4030c6fd-0841-4ffa-a927-aca11e1cebae', N'/Uploads/news/images/7f24afe7-e0c6-4a3c-8645-62ed4f5150c2_vnvc-tu-van-suc-khoe-tai-truong-hoc.jpg', N'NW000023')
INSERT [dbo].[NewsImages] ([Id], [ImagePath], [NewsId]) VALUES (N'4514dc06-39e3-49f0-9f10-7234204c9670', N'/Uploads/news/images/4054604f-e916-42d5-8b92-4ca7bf16dccf_bac-si-tran-cong-hien.jpg', N'NW000052')
INSERT [dbo].[NewsImages] ([Id], [ImagePath], [NewsId]) VALUES (N'4a1a894d-bb43-4067-a46e-71137d79465c', N'/Uploads/news/images/9df28ab2-e2b2-48c0-9e2f-d7cd78ce1ce7_ung-thu-co-tu-cung.jpg', N'NW000096')
INSERT [dbo].[NewsImages] ([Id], [ImagePath], [NewsId]) VALUES (N'5a29e76e-36c4-4137-ab96-1c785224e008', N'/Uploads/news/images/9f2becc3-f5b3-4bde-adab-2e3343e7799b_giai-bac-cuoc-thi-em-ve-dung-si-tiem-ngua.jpg', N'NW000097')
INSERT [dbo].[NewsImages] ([Id], [ImagePath], [NewsId]) VALUES (N'5a6cb4fc-ee55-47b9-866b-69d4e9207f2e', N'/Uploads/news/images/6a97b77d-fd0c-4427-8712-94a0483bf39d_cong-bo-ket-qua-cuoc-thi-tiem-chung-vnvc-trong-toi.jpg', N'NW000071')
INSERT [dbo].[NewsImages] ([Id], [ImagePath], [NewsId]) VALUES (N'5c99486a-848b-4242-a73d-b69e8b3f14d3', N'/Uploads/news/images/60b685bf-4da2-4b69-90f2-b6f7be01a3b2_vnvc-tang-phieu-uu-dai-cho-sinh-vien-HUIT.jpg', N'NW000025')
INSERT [dbo].[NewsImages] ([Id], [ImagePath], [NewsId]) VALUES (N'5eb446cf-228f-4c3b-9020-45c2e8cfb349', N'/Uploads/news/images/0ff595f4-7097-445c-a7fb-c1e582dbff6e_giai-dac-biet-cuoc-thi-em-ve-dung-si-tiem-ngua.jpg', N'NW000097')
INSERT [dbo].[NewsImages] ([Id], [ImagePath], [NewsId]) VALUES (N'62363d6f-09a4-4ea5-ab7f-827428f31b40', N'/Uploads/news/images/37ed72f7-b0a6-4382-ba43-83f1c0c0c8b1_bac-si-tran-quang-binh-tiem-vac-xin-zona.jpg', N'NW000027')
INSERT [dbo].[NewsImages] ([Id], [ImagePath], [NewsId]) VALUES (N'62a50942-0b89-48fd-802a-aa65662bd5f5', N'/Uploads/news/images/fc4dd583-3732-485d-9732-f5c074cf0307_bao-thai-trong-bung-me.jpg', N'NW000012')
INSERT [dbo].[NewsImages] ([Id], [ImagePath], [NewsId]) VALUES (N'6ca301d2-7935-4a2f-857a-2d5922f96f31', N'/Uploads/news/images/0d15d597-1579-48dd-bc93-238555072df7_le-khai-truong-trung-tam-tiem-chung-vnvc-phu-xuan.jpg', N'NW000094')
INSERT [dbo].[NewsImages] ([Id], [ImagePath], [NewsId]) VALUES (N'6cd2311e-40b5-45f7-aeff-a899f8eb36b1', N'/Uploads/news/images/da31b600-8420-4297-905a-29fdd8524447_dieu-tri-benh-nhan-mac-cum-a-h1n1.jpg', N'NW000019')
INSERT [dbo].[NewsImages] ([Id], [ImagePath], [NewsId]) VALUES (N'722d6e79-7387-4ea4-9f7b-65cb36cc4f52', N'/Uploads/news/images/354b36fd-b1e0-44d6-a275-16e3616d0efc_hoc-sinh-tham-gia-chuong-trinh-tu-van-sinh-san.jpg', N'NW000021')
INSERT [dbo].[NewsImages] ([Id], [ImagePath], [NewsId]) VALUES (N'768c8b92-bb1c-4df0-971f-6cc19a366223', N'/Uploads/news/images/ea4c4c15-da57-430f-aadf-467f3a4d70ca_den-voi-vnvc-thach-that-tiem-vac-xin-deu-duoc-kham-sang-loc-mien-phi.jpg', N'NW000093')
INSERT [dbo].[NewsImages] ([Id], [ImagePath], [NewsId]) VALUES (N'7aa81ae8-b64e-4004-b00e-5b98b2350119', N'/Uploads/news/images/db72c070-87e9-46e7-af84-1e0da152f4a5_hinh-anh-ngay-khai-truong-vnvc-ba-tri-02.jpg', N'NW000041')
INSERT [dbo].[NewsImages] ([Id], [ImagePath], [NewsId]) VALUES (N'7f8e7558-a3d9-41a8-b845-86d1d0b314e5', N'/Uploads/news/images/5a24e39f-f81d-4029-97c3-eb95a24462e5_kham-sang-loc-cho-be-tai-vnvc-ba-tri.jpg', N'NW000041')
INSERT [dbo].[NewsImages] ([Id], [ImagePath], [NewsId]) VALUES (N'8f671883-0c81-4afe-91d6-53a6eff6e16f', N'/Uploads/news/images/97c4c13b-203e-4bf9-8dac-879c36bdf20f_tre-mac-cum-a.jpg', N'NW000019')
INSERT [dbo].[NewsImages] ([Id], [ImagePath], [NewsId]) VALUES (N'90d8d7ce-e8ff-4c63-837f-d2a394d9634d', N'/Uploads/news/images/13cc1ec4-51c1-49f8-a14b-9b3f89ce95e4_ba-bau-tiem-phong-cum.jpg', N'NW000011')
INSERT [dbo].[NewsImages] ([Id], [ImagePath], [NewsId]) VALUES (N'93fcfe25-36fa-4913-97eb-53f2166bd62a', N'/Uploads/news/images/1520fd70-7d2d-464a-a2a5-68ef6e52c750_bac-si-bach-thi-chinh-tai-le-ra-mat.jpg', N'NW000027')
INSERT [dbo].[NewsImages] ([Id], [ImagePath], [NewsId]) VALUES (N'98f4a79a-0821-4d3d-85dd-a2c430f860d2', N'/Uploads/news/images/9d6ba75e-183d-41ac-8881-eda67f8428d2_khach-hang-tiem-vac-xin-phong-benh-ho-hap.jpg', N'NW000017')
INSERT [dbo].[NewsImages] ([Id], [ImagePath], [NewsId]) VALUES (N'99cd628f-cd4b-4bac-b59f-b93d640feb17', N'/Uploads/news/images/1094431f-5e91-4aae-8000-8b99b357d3e2_tranh-cua-be-phuong-nhi.jpg', N'NW000098')
INSERT [dbo].[NewsImages] ([Id], [ImagePath], [NewsId]) VALUES (N'9c875811-159e-4670-844f-ce8433a82cab', N'/Uploads/news/images/a4efcb37-732a-4068-8fdb-77ed9a7cf358_xac-nhan-du-dieu-kien-tiem-chung.jpg', N'NW000028')
INSERT [dbo].[NewsImages] ([Id], [ImagePath], [NewsId]) VALUES (N'a94b5d6c-236b-41b5-9c77-f0e9675a5344', N'/Uploads/news/images/f553cb8c-9983-4e8e-a464-15dc53d7d113_chi-ngo-thi-bich-van.jpg', N'NW000095')
INSERT [dbo].[NewsImages] ([Id], [ImagePath], [NewsId]) VALUES (N'aba90482-2814-4c2b-9396-b1ec753b3899', N'/Uploads/news/images/3bd40756-bf68-438c-aa4c-3326af69c272_be-huynh-phuc-an.jpg', N'NW000097')
INSERT [dbo].[NewsImages] ([Id], [ImagePath], [NewsId]) VALUES (N'b19fd12e-7154-40f5-a2df-2e8b209d67d3', N'/Uploads/news/images/9cb5e395-0bbf-4fbb-924c-47add30e5e2b_ba-vu-thi-thu-ha-giam-doc-cung-ung.jpg', N'NW000022')
INSERT [dbo].[NewsImages] ([Id], [ImagePath], [NewsId]) VALUES (N'b4ffd6fd-46c5-46ac-a296-8526409da022', N'/Uploads/news/images/f8515496-91d2-43ea-9251-a102a9a5265e_khach-hang-tiem-chung-tai-vnvc.jpg', N'NW000024')
INSERT [dbo].[NewsImages] ([Id], [ImagePath], [NewsId]) VALUES (N'ba4c88df-4cc5-43de-af22-34b36ff1b43a', N'/Uploads/news/images/ccae8683-7aa6-4817-b72c-266ec8c148cb_huong-dan-bo-be-em-be.jpg', N'NW000095')
INSERT [dbo].[NewsImages] ([Id], [ImagePath], [NewsId]) VALUES (N'bc2942db-1c3f-43fc-a038-4f930737d356', N'/Uploads/news/images/90ab1b0c-b896-4c9a-90c1-d02161b90acc_don-tiep-khach-hang-tai-vnvc-ba-tri.jpg', N'NW000041')
INSERT [dbo].[NewsImages] ([Id], [ImagePath], [NewsId]) VALUES (N'c1b9ef0c-ab80-4ab6-b5e1-241a6fe2a723', N'/Uploads/news/images/e435e075-f1cf-4be9-a397-62bd5b219a96_tuyen-tap-tranh-em-ve-dung-si-tiem-ngua.jpg', N'NW000098')
INSERT [dbo].[NewsImages] ([Id], [ImagePath], [NewsId]) VALUES (N'c396f7c0-68ed-46b7-b99c-03141b89a86e', N'/Uploads/news/images/8e6c3260-1cb8-4533-a031-b0cff1f4a6d1_vnvc-binh-dai.jpg', N'NW000042')
INSERT [dbo].[NewsImages] ([Id], [ImagePath], [NewsId]) VALUES (N'c51953cb-26b4-4ee6-9224-ed2d2d61ab68', N'/Uploads/news/images/a5008461-733f-4020-bbb1-06ddfd4e266f_kho-bao-quan-vac-xin-cua-vnvc-1.jpg', N'NW000011')
INSERT [dbo].[NewsImages] ([Id], [ImagePath], [NewsId]) VALUES (N'c838b0d3-7d45-43d2-b155-9e1914bc04de', N'/Uploads/news/images/5bd84420-e408-4882-b864-01fb6ab06553_uu-dai-combo-cum-phe-cau.jpg', N'NW000092')
INSERT [dbo].[NewsImages] ([Id], [ImagePath], [NewsId]) VALUES (N'd001db2f-a44e-4ec4-96a8-5cd7dcaa0397', N'/Uploads/news/images/d0cd69ea-3f23-4019-8348-cff5c077fd08_vnvc-tri-an-ngay-nha-giao-viet-nam.jpg', N'NW000091')
INSERT [dbo].[NewsImages] ([Id], [ImagePath], [NewsId]) VALUES (N'd0226bc8-ee5d-4997-94b5-6e2d7741a02b', N'/Uploads/news/images/af0472d0-5892-4fc1-bc23-14cb3bd993f9_khach-hang-lon-tuoi-tiem-cum-va-phe-cau.jpg', N'NW000017')
INSERT [dbo].[NewsImages] ([Id], [ImagePath], [NewsId]) VALUES (N'd08a04f5-5903-4753-9152-14459d2bff43', N'/Uploads/news/images/c3868410-4520-4222-a552-f06847057347_benh-nhan-sot-xuat-huyet-nhap-vien.jpg', N'NW000018')
INSERT [dbo].[NewsImages] ([Id], [ImagePath], [NewsId]) VALUES (N'd385a268-d906-484b-8982-024a12f90e26', N'/Uploads/news/images/c976bafe-d0ff-45aa-8d36-f7e3d5d292c5_bac-si-kham-sang-loc-cho-be-tai-vnvc-phu-xuan.jpg', N'NW000094')
INSERT [dbo].[NewsImages] ([Id], [ImagePath], [NewsId]) VALUES (N'd3a25179-78ed-49a4-8fe4-3f7550002f2c', N'/Uploads/news/images/f6877e1a-9f86-47b6-8fbe-985020853c4f_sinh-vien-HUIT.jpg', N'NW000025')
INSERT [dbo].[NewsImages] ([Id], [ImagePath], [NewsId]) VALUES (N'dd33396a-84df-4eb2-acb2-f1eacd9a310b', N'/Uploads/news/images/b1028acd-dd43-41c3-9f9f-c1289cea5d70_uu-dai-vac-xin-gardasil-9.jpg', N'NW000100')
INSERT [dbo].[NewsImages] ([Id], [ImagePath], [NewsId]) VALUES (N'de074cfe-2088-43a3-9410-0ceb5a9e2579', N'/Uploads/news/images/a695df51-7fa9-4e4a-b4d3-4ec7ad7b0237_khao-sat-xu-huong-hanh-vi-dinh-duong-cua-me.jpg', N'NW000029')
INSERT [dbo].[NewsImages] ([Id], [ImagePath], [NewsId]) VALUES (N'e2377b3d-bd74-491f-9d20-26d5de06c35b', N'/Uploads/news/images/8f2701cb-2381-436f-9bfa-8a597b880bf8_tiem-vaccine-phong-benh-zona.jpg', N'NW000016')
INSERT [dbo].[NewsImages] ([Id], [ImagePath], [NewsId]) VALUES (N'e5595189-7cbd-457a-bdc2-d756f325096f', N'/Uploads/news/images/73affd80-9944-47d5-9cf3-f105ae1921e9_lop-tu-van-suc-khoe-nguoi-lon-2.jpg', N'NW000051')
INSERT [dbo].[NewsImages] ([Id], [ImagePath], [NewsId]) VALUES (N'f19f00f3-f836-4d7e-a797-1ef8136d9e2f', N'/Uploads/news/images/ff55278f-1a37-4974-bc29-1e2b9f15926f_vnvc-trien-khai-tiem-luu-dong-vac-xin-sot-xuat-huyet.jpg', N'NW000020')
INSERT [dbo].[NewsImages] ([Id], [ImagePath], [NewsId]) VALUES (N'f2f90bca-8a6f-478f-b8b7-95fc4d8642bb', N'/Uploads/news/images/576b1d65-b36a-49f2-bf6d-5ca0a26ab44c_kham-sang-loc-cho-hoc-sinh.jpg', N'NW000028')
INSERT [dbo].[NewsImages] ([Id], [ImagePath], [NewsId]) VALUES (N'f8ffeabe-c563-42fc-8aca-0c6e5687bbfb', N'/Uploads/news/images/4451e0c8-2db0-49f5-b27d-035b80c081e1_be-bi-ho-ham-ech.jpg', N'NW000012')
INSERT [dbo].[NewsImages] ([Id], [ImagePath], [NewsId]) VALUES (N'fab5bbc4-20d8-438b-a0dd-befbbe1487f9', N'/Uploads/news/images/1b6be10a-5cff-4ed4-a972-7c13ea3bea42_bac-si-duong-ngoc-hung.jpg', N'NW000096')
INSERT [dbo].[NewsImages] ([Id], [ImagePath], [NewsId]) VALUES (N'ff0d202e-175b-4b5e-9b47-9015d79cef85', N'/Uploads/news/images/6f7d09af-b900-472d-a22f-a3d0a5fb29b6_nhieu-doanh-nghiep-tiem-phfong-sot-xuat-huyet-cho-cong-nhan.jpg', N'NW000020')
GO

